-- phpMyAdmin SQL Dump
-- version 5.2.1
-- https://www.phpmyadmin.net/
--
-- Host: db
-- Generation Time: Jul 30, 2024 at 10:27 PM
-- Server version: 8.0.37
-- PHP Version: 8.2.8

SET SQL_MODE = "NO_AUTO_VALUE_ON_ZERO";
START TRANSACTION;
SET time_zone = "+00:00";


/*!40101 SET @OLD_CHARACTER_SET_CLIENT=@@CHARACTER_SET_CLIENT */;
/*!40101 SET @OLD_CHARACTER_SET_RESULTS=@@CHARACTER_SET_RESULTS */;
/*!40101 SET @OLD_COLLATION_CONNECTION=@@COLLATION_CONNECTION */;
/*!40101 SET NAMES utf8mb4 */;

--
-- Database: `climbing`
--

-- --------------------------------------------------------

--
-- Table structure for table `activity`
--

CREATE TABLE `activity` (
  `id_activity` tinyint UNSIGNED NOT NULL,
  `duration` tinyint DEFAULT NULL,
  `price` smallint UNSIGNED NOT NULL,
  `id_duration_unit` tinyint UNSIGNED NOT NULL
) ENGINE=InnoDB DEFAULT CHARSET=utf8mb4 COLLATE=utf8mb4_0900_ai_ci;

--
-- Dumping data for table `activity`
--

INSERT INTO `activity` (`id_activity`, `duration`, `price`, `id_duration_unit`) VALUES
(1, 30, 8, 1),
(2, 1, 12, 2),
(3, 1, 15, 3),
(4, 1, 45, 4),
(5, 1, 250, 4);

-- --------------------------------------------------------

--
-- Table structure for table `adresses`
--

CREATE TABLE `adresses` (
  `id_adresses` int UNSIGNED NOT NULL,
  `name_adresse` varchar(50) DEFAULT NULL,
  `id_city` tinyint UNSIGNED NOT NULL
) ENGINE=InnoDB DEFAULT CHARSET=utf8mb4 COLLATE=utf8mb4_0900_ai_ci;

--
-- Dumping data for table `adresses`
--

INSERT INTO `adresses` (`id_adresses`, `name_adresse`, `id_city`) VALUES
(1, '4 Bd du Grand Parc', 2),
(2, 'Les Carandes', 3);

-- --------------------------------------------------------

--
-- Table structure for table `city`
--

CREATE TABLE `city` (
  `id_city` tinyint UNSIGNED NOT NULL,
  `name_city` varchar(45) NOT NULL,
  `zip_code` varchar(5) NOT NULL
) ENGINE=InnoDB DEFAULT CHARSET=utf8mb4 COLLATE=utf8mb4_0900_ai_ci;

--
-- Dumping data for table `city`
--

INSERT INTO `city` (`id_city`, `name_city`, `zip_code`) VALUES
(1, 'caen', '14000'),
(2, '\r\nhérouville-Saint-Clair\r\n', '14200'),
(3, '\r\nmondeville\r\n', '14120');

-- --------------------------------------------------------

--
-- Table structure for table `days`
--

CREATE TABLE `days` (
  `id_days` tinyint UNSIGNED NOT NULL,
  `name_days` varchar(3) NOT NULL,
  `name_days_fr` varchar(8) NOT NULL
) ENGINE=InnoDB DEFAULT CHARSET=utf8mb4 COLLATE=utf8mb4_0900_ai_ci;

--
-- Dumping data for table `days`
--

INSERT INTO `days` (`id_days`, `name_days`, `name_days_fr`) VALUES
(5, 'fri', 'vendredi'),
(6, 'sat', 'samedi'),
(0, 'sun', 'dimanche'),
(4, 'thu', 'jeudi'),
(2, 'Tue', 'mardi'),
(3, 'wed', 'mercredi');

-- --------------------------------------------------------

--
-- Table structure for table `duration_unit`
--

CREATE TABLE `duration_unit` (
  `id_duration_unit` tinyint UNSIGNED NOT NULL,
  `unit_name` varchar(1) NOT NULL
) ENGINE=InnoDB DEFAULT CHARSET=utf8mb4 COLLATE=utf8mb4_0900_ai_ci;

--
-- Dumping data for table `duration_unit`
--

INSERT INTO `duration_unit` (`id_duration_unit`, `unit_name`) VALUES
(3, 'd'),
(2, 'h'),
(1, 'i'),
(4, 'm'),
(5, 'y');

-- --------------------------------------------------------

--
-- Table structure for table `gym`
--

CREATE TABLE `gym` (
  `id_gym` tinyint UNSIGNED NOT NULL,
  `name_gym` varchar(50) CHARACTER SET utf8mb4 COLLATE utf8mb4_0900_ai_ci NOT NULL,
  `capacity` tinyint NOT NULL,
  `id_adresses` int UNSIGNED NOT NULL
) ENGINE=InnoDB DEFAULT CHARSET=utf8mb4 COLLATE=utf8mb4_0900_ai_ci;

--
-- Dumping data for table `gym`
--

INSERT INTO `gym` (`id_gym`, `name_gym`, `capacity`, `id_adresses`) VALUES
(1, 'La salle escalade aventure', 20, 1),
(2, 'La salle escalade aventure 2', 15, 2);

-- --------------------------------------------------------

--
-- Table structure for table `open_days`
--

CREATE TABLE `open_days` (
  `id_gym` tinyint UNSIGNED NOT NULL,
  `id_days` tinyint UNSIGNED NOT NULL,
  `open_hour` time NOT NULL,
  `close_hour` time NOT NULL
) ENGINE=InnoDB DEFAULT CHARSET=utf8mb4 COLLATE=utf8mb4_0900_ai_ci;

--
-- Dumping data for table `open_days`
--

INSERT INTO `open_days` (`id_gym`, `id_days`, `open_hour`, `close_hour`) VALUES
(1, 0, '11:00:00', '20:00:00'),
(1, 2, '10:00:00', '19:00:00'),
(1, 3, '10:00:00', '19:00:00'),
(1, 4, '10:00:00', '19:00:00'),
(1, 5, '10:00:00', '19:00:00'),
(1, 6, '11:00:00', '20:00:00'),
(2, 0, '11:00:00', '20:00:00'),
(2, 2, '10:00:00', '19:00:00'),
(2, 3, '10:00:00', '19:00:00'),
(2, 4, '10:00:00', '19:00:00'),
(2, 5, '10:00:00', '19:00:00'),
(2, 6, '11:00:00', '20:00:00');

-- --------------------------------------------------------

--
-- Table structure for table `reservation`
--

CREATE TABLE `reservation` (
  `id_reservation` int UNSIGNED NOT NULL,
  `status` varchar(20) CHARACTER SET utf8mb4 COLLATE utf8mb4_0900_ai_ci DEFAULT 'unpaid',
  `nb_particpation` tinyint DEFAULT NULL,
  `date_starting` datetime DEFAULT NULL,
  `id_user` int UNSIGNED NOT NULL,
  `id_gym` tinyint UNSIGNED NOT NULL,
  `id_activity` tinyint UNSIGNED NOT NULL,
  `date_reservation` datetime NOT NULL DEFAULT CURRENT_TIMESTAMP
) ENGINE=InnoDB DEFAULT CHARSET=utf8mb4 COLLATE=utf8mb4_0900_ai_ci;

--
-- Dumping data for table `reservation`
--

INSERT INTO `reservation` (`id_reservation`, `status`, `nb_particpation`, `date_starting`, `id_user`, `id_gym`, `id_activity`, `date_reservation`) VALUES
(52, 'paid', 10, '2023-12-22 21:12:04', 1, 1, 1, '2024-07-15 22:19:54'),
(53, 'paid', 10, '2023-09-07 07:48:51', 2, 1, 1, '2024-07-15 22:19:54'),
(54, 'paid', 10, '2023-10-13 07:34:41', 3, 1, 1, '2024-07-15 22:19:54'),
(55, 'paid', 10, '2024-06-11 22:30:09', 4, 1, 1, '2024-07-15 22:19:54'),
(56, 'paid', 10, '2023-08-13 10:13:35', 5, 1, 1, '2024-07-15 22:19:54'),
(57, 'paid', 10, '2023-08-18 14:02:43', 6, 1, 1, '2024-07-15 22:19:54'),
(58, 'paid', 10, '2024-03-11 16:54:11', 7, 1, 1, '2024-07-15 22:19:54'),
(59, 'paid', 10, '2024-08-27 06:02:43', 8, 1, 1, '2024-07-15 22:19:54'),
(60, 'paid', 10, '2024-06-28 13:59:28', 9, 1, 1, '2024-07-15 22:19:54'),
(61, 'paid', 10, '2023-10-28 00:41:49', 10, 1, 1, '2024-07-15 22:19:54'),
(62, 'paid', 10, '2024-06-21 18:52:20', 11, 1, 1, '2024-07-15 22:19:54'),
(64, 'paid', 10, '2024-06-11 15:07:15', 13, 1, 1, '2024-07-15 22:19:54'),
(65, 'paid', 10, '2023-08-16 11:04:16', 14, 1, 1, '2024-07-15 22:19:54'),
(66, 'paid', 10, '2024-03-15 02:39:31', 15, 1, 1, '2024-07-15 22:19:54'),
(67, 'paid', 10, '2024-02-07 18:54:13', 16, 1, 1, '2024-07-15 22:19:54'),
(68, 'paid', 10, '2024-03-25 02:16:20', 17, 1, 1, '2024-07-15 22:19:54'),
(69, 'paid', 10, '2024-08-14 23:13:27', 18, 1, 1, '2024-07-15 22:19:54'),
(70, 'paid', 10, '2024-04-12 19:45:27', 19, 1, 1, '2024-07-15 22:19:54'),
(71, 'paid', 10, '2024-01-04 01:28:30', 20, 1, 1, '2024-07-15 22:19:54'),
(72, 'paid', 10, '2023-09-23 20:30:58', 21, 1, 1, '2024-07-15 22:19:54'),
(73, 'paid', 10, '2024-06-05 07:30:10', 22, 1, 1, '2024-07-15 22:19:54'),
(74, 'paid', 10, '2024-05-11 07:27:28', 23, 1, 1, '2024-07-15 22:19:54'),
(75, 'paid', 10, '2023-12-26 21:15:31', 24, 1, 1, '2024-07-15 22:19:54'),
(76, 'paid', 10, '2023-08-03 09:24:45', 25, 1, 1, '2024-07-15 22:19:54'),
(77, 'paid', 10, '2024-06-10 07:24:58', 26, 1, 1, '2024-07-15 22:19:54'),
(78, 'paid', 10, '2024-04-20 04:55:45', 27, 1, 1, '2024-07-15 22:19:54'),
(79, 'paid', 10, '2023-09-02 04:39:41', 28, 1, 1, '2024-07-15 22:19:54'),
(80, 'paid', 10, '2024-08-08 01:13:21', 29, 1, 1, '2024-07-15 22:19:54'),
(81, 'paid', 10, '2024-06-17 03:53:03', 30, 1, 1, '2024-07-15 22:19:54'),
(82, 'paid', 10, '2024-03-19 00:01:40', 31, 1, 1, '2024-07-15 22:19:54'),
(83, 'paid', 10, '2024-02-06 17:37:57', 32, 1, 1, '2024-07-15 22:19:54'),
(84, 'paid', 10, '2023-10-06 18:39:40', 33, 1, 1, '2024-07-15 22:19:54'),
(85, 'paid', 10, '2023-09-21 20:47:54', 34, 1, 1, '2024-07-15 22:19:54'),
(86, 'paid', 10, '2023-12-21 15:43:36', 35, 1, 1, '2024-07-15 22:19:54'),
(87, 'paid', 10, '2024-04-12 01:11:13', 36, 1, 1, '2024-07-15 22:19:54'),
(88, 'paid', 10, '2024-04-02 19:48:23', 37, 1, 1, '2024-07-15 22:19:54'),
(89, 'paid', 10, '2023-10-05 11:50:39', 38, 1, 1, '2024-07-15 22:19:54'),
(90, 'paid', 10, '2024-06-12 20:40:56', 39, 1, 1, '2024-07-15 22:19:54'),
(91, 'paid', 10, '2023-10-18 09:46:04', 40, 1, 1, '2024-07-15 22:19:54'),
(92, 'paid', 10, '2023-07-29 06:34:30', 41, 1, 1, '2024-07-15 22:19:54'),
(93, 'paid', 10, '2023-11-16 08:05:11', 42, 1, 1, '2024-07-15 22:19:54'),
(94, 'paid', 10, '2024-01-16 12:00:28', 43, 1, 1, '2024-07-15 22:19:54'),
(95, 'paid', 10, '2024-03-13 12:25:03', 44, 1, 1, '2024-07-15 22:19:54'),
(96, 'paid', 10, '2023-07-21 21:08:54', 45, 1, 1, '2024-07-15 22:19:54'),
(97, 'paid', 10, '2023-11-08 03:38:40', 46, 1, 1, '2024-07-15 22:19:54'),
(98, 'paid', 10, '2023-11-06 01:18:59', 47, 1, 1, '2024-07-15 22:19:54'),
(99, 'paid', 10, '2023-07-30 10:35:30', 48, 1, 1, '2024-07-15 22:19:54'),
(100, 'paid', 10, '2023-08-08 13:22:50', 49, 1, 1, '2024-07-15 22:19:54'),
(101, 'paid', 10, '2024-02-09 14:26:15', 50, 1, 1, '2024-07-15 22:19:54'),
(102, 'paid', 10, '2024-02-09 20:01:15', 51, 1, 1, '2024-07-15 22:19:54'),
(103, 'paid', 10, '2024-02-02 03:43:55', 52, 1, 1, '2024-07-15 22:19:54'),
(104, 'paid', 10, '2023-10-05 09:43:06', 53, 1, 1, '2024-07-15 22:19:54'),
(105, 'paid', 10, '2024-02-14 16:06:10', 54, 1, 1, '2024-07-15 22:19:54'),
(106, 'paid', 10, '2024-02-26 11:45:37', 55, 1, 1, '2024-07-15 22:19:54'),
(107, 'paid', 10, '2023-09-30 21:09:19', 56, 1, 1, '2024-07-15 22:19:54'),
(108, 'paid', 10, '2023-12-28 21:55:53', 57, 1, 1, '2024-07-15 22:19:54'),
(109, 'paid', 10, '2023-07-31 15:22:23', 58, 1, 1, '2024-07-15 22:19:54'),
(110, 'paid', 10, '2024-01-24 06:34:20', 59, 1, 1, '2024-07-15 22:19:54'),
(111, 'paid', 10, '2023-11-09 07:42:10', 60, 1, 1, '2024-07-15 22:19:54'),
(112, 'paid', 10, '2024-06-17 17:18:20', 61, 1, 1, '2024-07-15 22:19:54'),
(113, 'paid', 10, '2023-11-23 00:55:09', 62, 1, 1, '2024-07-15 22:19:54'),
(114, 'paid', 10, '2023-09-14 06:30:48', 63, 1, 1, '2024-07-15 22:19:54'),
(115, 'paid', 10, '2023-07-20 07:03:59', 64, 1, 1, '2024-07-15 22:19:54'),
(116, 'paid', 10, '2023-07-11 03:38:14', 65, 1, 1, '2024-07-15 22:19:54'),
(117, 'paid', 10, '2023-08-19 20:33:25', 66, 1, 1, '2024-07-15 22:19:54'),
(118, 'paid', 10, '2024-07-17 09:50:59', 67, 1, 1, '2024-07-15 22:19:54'),
(119, 'paid', 10, '2023-11-23 16:46:00', 68, 1, 1, '2024-07-15 22:19:54'),
(120, 'paid', 10, '2024-05-06 10:27:11', 69, 1, 1, '2024-07-15 22:19:54'),
(121, 'paid', 10, '2023-11-22 14:20:14', 70, 1, 1, '2024-07-15 22:19:54'),
(122, 'paid', 10, '2023-11-17 09:46:44', 71, 1, 1, '2024-07-15 22:19:54'),
(123, 'paid', 10, '2024-07-27 22:12:30', 72, 1, 1, '2024-07-15 22:19:54'),
(124, 'paid', 10, '2024-04-16 12:08:27', 73, 1, 1, '2024-07-15 22:19:54'),
(125, 'paid', 10, '2023-09-04 11:21:33', 74, 1, 1, '2024-07-15 22:19:54'),
(126, 'paid', 10, '2024-03-07 10:26:41', 75, 1, 1, '2024-07-15 22:19:54'),
(127, 'paid', 10, '2024-04-01 22:50:42', 76, 1, 1, '2024-07-15 22:19:54'),
(128, 'paid', 10, '2024-04-10 06:08:55', 77, 1, 1, '2024-07-15 22:19:54'),
(129, 'paid', 10, '2023-11-16 10:17:19', 78, 1, 1, '2024-07-15 22:19:54'),
(130, 'paid', 10, '2024-03-16 16:49:24', 79, 1, 1, '2024-07-15 22:19:54'),
(131, 'paid', 10, '2024-05-02 00:52:05', 80, 1, 1, '2024-07-15 22:19:54'),
(132, 'paid', 10, '2024-01-27 10:30:06', 81, 1, 1, '2024-07-15 22:19:54'),
(133, 'paid', 10, '2023-11-07 06:36:01', 82, 1, 1, '2024-07-15 22:19:54'),
(134, 'paid', 10, '2024-02-28 08:54:58', 83, 1, 1, '2024-07-15 22:19:54'),
(135, 'paid', 10, '2023-11-28 11:37:28', 84, 1, 1, '2024-07-15 22:19:54'),
(136, 'paid', 10, '2024-06-02 06:17:23', 85, 1, 1, '2024-07-15 22:19:54'),
(137, 'paid', 10, '2023-12-17 09:31:09', 86, 1, 1, '2024-07-15 22:19:54'),
(138, 'paid', 10, '2024-05-08 17:14:33', 87, 1, 1, '2024-07-15 22:19:54'),
(139, 'paid', 10, '2023-09-13 08:09:18', 88, 1, 1, '2024-07-15 22:19:54'),
(140, 'paid', 10, '2024-08-17 17:19:04', 89, 1, 1, '2024-07-15 22:19:54'),
(141, 'paid', 10, '2023-11-22 20:35:13', 90, 1, 1, '2024-07-15 22:19:54'),
(142, 'paid', 10, '2023-08-23 22:27:48', 91, 1, 1, '2024-07-15 22:19:54'),
(143, 'paid', 10, '2024-03-04 01:34:11', 92, 1, 1, '2024-07-15 22:19:54'),
(144, 'paid', 10, '2023-11-19 03:10:08', 93, 1, 1, '2024-07-15 22:19:54'),
(145, 'paid', 10, '2023-10-08 23:45:38', 94, 1, 1, '2024-07-15 22:19:54'),
(146, 'paid', 10, '2023-09-18 19:06:15', 95, 1, 1, '2024-07-15 22:19:54'),
(147, 'paid', 10, '2023-10-30 05:58:56', 96, 1, 1, '2024-07-15 22:19:54'),
(148, 'paid', 10, '2024-02-28 10:55:35', 97, 1, 1, '2024-07-15 22:19:54'),
(149, 'paid', 10, '2024-03-18 13:11:30', 98, 1, 1, '2024-07-15 22:19:54'),
(150, 'paid', 10, '2024-06-28 00:49:43', 99, 1, 1, '2024-07-15 22:19:54'),
(151, 'paid', 10, '2024-04-18 11:24:11', 100, 1, 1, '2024-07-15 22:19:54'),
(152, 'paid', 10, '2024-07-18 08:48:12', 1, 1, 2, '2024-07-15 22:19:54'),
(153, 'paid', 10, '2023-12-07 01:20:21', 2, 1, 2, '2024-07-15 22:19:54'),
(154, 'paid', 10, '2023-10-21 07:53:31', 3, 1, 2, '2024-07-15 22:19:54'),
(155, 'paid', 10, '2024-11-11 02:03:45', 4, 1, 2, '2024-07-15 22:19:54'),
(156, 'paid', 10, '2023-12-27 01:10:02', 5, 1, 2, '2024-07-15 22:19:54'),
(157, 'paid', 10, '2024-08-08 09:50:04', 6, 1, 2, '2024-07-15 22:19:54'),
(158, 'paid', 10, '2024-06-25 16:43:43', 7, 1, 2, '2024-07-15 22:19:54'),
(159, 'paid', 10, '2024-05-07 03:05:53', 8, 1, 2, '2024-07-15 22:19:54'),
(160, 'paid', 10, '2024-11-15 12:44:27', 9, 1, 2, '2024-07-15 22:19:54'),
(161, 'paid', 10, '2024-05-18 13:17:47', 10, 1, 2, '2024-07-15 22:19:54'),
(162, 'paid', 10, '2024-11-02 14:49:29', 11, 1, 2, '2024-07-15 22:19:54'),
(163, 'paid', 10, '2024-05-03 22:32:25', 12, 1, 2, '2024-07-15 22:19:54'),
(164, 'paid', 10, '2024-11-04 16:15:55', 13, 1, 2, '2024-07-15 22:19:54'),
(165, 'paid', 10, '2023-09-08 00:08:01', 14, 1, 2, '2024-07-15 22:19:54'),
(166, 'paid', 10, '2024-10-29 06:10:00', 15, 1, 2, '2024-07-15 22:19:54'),
(167, 'paid', 10, '2024-02-13 22:37:51', 16, 1, 2, '2024-07-15 22:19:54'),
(168, 'paid', 10, '2024-10-23 06:01:56', 17, 1, 2, '2024-07-15 22:19:54'),
(169, 'paid', 10, '2024-01-02 19:53:30', 18, 1, 2, '2024-07-15 22:19:54'),
(170, 'paid', 10, '2024-06-11 05:40:28', 19, 1, 2, '2024-07-15 22:19:54'),
(171, 'paid', 10, '2023-10-30 01:27:25', 20, 1, 2, '2024-07-15 22:19:54'),
(172, 'paid', 10, '2024-06-21 19:22:22', 21, 1, 2, '2024-07-15 22:19:54'),
(173, 'paid', 10, '2024-03-11 12:18:55', 22, 1, 2, '2024-07-15 22:19:54'),
(174, 'paid', 10, '2023-09-29 17:44:15', 23, 1, 2, '2024-07-15 22:19:54'),
(175, 'paid', 10, '2024-02-26 01:04:32', 24, 1, 2, '2024-07-15 22:19:54'),
(176, 'paid', 10, '2023-10-22 06:57:12', 25, 1, 2, '2024-07-15 22:19:54'),
(177, 'paid', 10, '2023-10-18 10:23:32', 26, 1, 2, '2024-07-15 22:19:54'),
(178, 'paid', 10, '2024-01-25 04:59:45', 27, 1, 2, '2024-07-15 22:19:54'),
(179, 'paid', 10, '2024-11-16 03:20:11', 28, 1, 2, '2024-07-15 22:19:54'),
(180, 'paid', 10, '2024-01-04 20:55:32', 29, 1, 2, '2024-07-15 22:19:54'),
(181, 'paid', 10, '2023-10-17 03:44:04', 30, 1, 2, '2024-07-15 22:19:54'),
(182, 'paid', 10, '2024-01-31 02:30:48', 31, 1, 2, '2024-07-15 22:19:54'),
(183, 'paid', 10, '2024-02-07 19:19:41', 32, 1, 2, '2024-07-15 22:19:54'),
(184, 'paid', 10, '2024-03-07 14:30:58', 33, 1, 2, '2024-07-15 22:19:54'),
(185, 'paid', 10, '2023-09-02 02:28:40', 34, 1, 2, '2024-07-15 22:19:54'),
(186, 'paid', 10, '2023-10-16 02:37:11', 35, 1, 2, '2024-07-15 22:19:54'),
(187, 'paid', 10, '2024-10-06 02:42:32', 36, 1, 2, '2024-07-15 22:19:54'),
(188, 'paid', 10, '2024-07-27 02:54:33', 37, 1, 2, '2024-07-15 22:19:54'),
(189, 'paid', 10, '2023-12-04 10:43:07', 38, 1, 2, '2024-07-15 22:19:54'),
(190, 'paid', 10, '2024-04-01 11:07:13', 39, 1, 2, '2024-07-15 22:19:54'),
(191, 'paid', 10, '2024-03-18 11:27:08', 40, 1, 2, '2024-07-15 22:19:54'),
(192, 'paid', 10, '2024-02-19 01:46:18', 41, 1, 2, '2024-07-15 22:19:54'),
(193, 'paid', 10, '2023-12-30 20:38:25', 42, 1, 2, '2024-07-15 22:19:54'),
(194, 'paid', 10, '2023-12-30 15:02:00', 43, 1, 2, '2024-07-15 22:19:54'),
(195, 'paid', 10, '2024-05-02 02:00:49', 44, 1, 2, '2024-07-15 22:19:54'),
(196, 'paid', 10, '2024-08-17 22:32:42', 45, 1, 2, '2024-07-15 22:19:54'),
(197, 'paid', 10, '2023-09-19 04:46:31', 46, 1, 2, '2024-07-15 22:19:54'),
(198, 'paid', 10, '2023-12-12 02:57:11', 47, 1, 2, '2024-07-15 22:19:54'),
(199, 'paid', 10, '2024-08-21 01:40:53', 48, 1, 2, '2024-07-15 22:19:54'),
(200, 'paid', 10, '2023-12-22 06:59:26', 49, 1, 2, '2024-07-15 22:19:54'),
(201, 'paid', 10, '2024-09-14 14:18:55', 50, 1, 2, '2024-07-15 22:19:54'),
(202, 'paid', 10, '2024-03-04 07:35:24', 51, 1, 2, '2024-07-15 22:19:54'),
(203, 'paid', 10, '2024-06-13 06:14:05', 52, 1, 2, '2024-07-15 22:19:54'),
(204, 'paid', 10, '2024-02-25 23:20:25', 53, 1, 2, '2024-07-15 22:19:54'),
(205, 'paid', 10, '2024-03-09 18:55:04', 54, 1, 2, '2024-07-15 22:19:54'),
(206, 'paid', 10, '2024-08-21 01:13:24', 55, 1, 2, '2024-07-15 22:19:54'),
(207, 'paid', 10, '2024-11-21 13:47:23', 56, 1, 2, '2024-07-15 22:19:54'),
(208, 'paid', 10, '2024-10-23 18:33:43', 57, 1, 2, '2024-07-15 22:19:54'),
(209, 'paid', 10, '2023-11-27 09:38:23', 58, 1, 2, '2024-07-15 22:19:54'),
(210, 'paid', 10, '2023-11-23 07:25:19', 59, 1, 2, '2024-07-15 22:19:54'),
(211, 'paid', 10, '2023-11-08 00:13:08', 60, 1, 2, '2024-07-15 22:19:54'),
(212, 'paid', 10, '2024-04-19 11:30:55', 61, 1, 2, '2024-07-15 22:19:54'),
(213, 'paid', 10, '2024-01-13 02:31:05', 62, 1, 2, '2024-07-15 22:19:54'),
(214, 'paid', 10, '2023-12-27 21:45:51', 63, 1, 2, '2024-07-15 22:19:54'),
(215, 'paid', 10, '2024-10-15 00:47:07', 64, 1, 2, '2024-07-15 22:19:54'),
(216, 'paid', 10, '2023-10-19 13:59:40', 65, 1, 2, '2024-07-15 22:19:54'),
(217, 'paid', 10, '2024-11-28 22:16:16', 66, 1, 2, '2024-07-15 22:19:54'),
(218, 'paid', 10, '2023-09-05 08:41:49', 67, 1, 2, '2024-07-15 22:19:54'),
(219, 'paid', 10, '2024-01-23 11:40:34', 68, 1, 2, '2024-07-15 22:19:54'),
(220, 'paid', 10, '2023-12-07 17:10:01', 69, 1, 2, '2024-07-15 22:19:54'),
(221, 'paid', 10, '2023-09-07 12:21:43', 70, 1, 2, '2024-07-15 22:19:54'),
(222, 'paid', 10, '2024-02-13 17:56:57', 71, 1, 2, '2024-07-15 22:19:54'),
(223, 'paid', 10, '2024-11-22 13:39:40', 72, 1, 2, '2024-07-15 22:19:54'),
(224, 'paid', 10, '2024-04-13 16:12:45', 73, 1, 2, '2024-07-15 22:19:54'),
(225, 'paid', 10, '2024-09-13 07:38:44', 74, 1, 2, '2024-07-15 22:19:54'),
(226, 'paid', 10, '2023-09-29 01:39:46', 75, 1, 2, '2024-07-15 22:19:54'),
(227, 'paid', 10, '2024-04-24 09:46:49', 76, 1, 2, '2024-07-15 22:19:54'),
(228, 'paid', 10, '2024-11-24 17:13:43', 77, 1, 2, '2024-07-15 22:19:54'),
(229, 'paid', 10, '2024-07-20 15:13:27', 78, 1, 2, '2024-07-15 22:19:54'),
(230, 'paid', 10, '2024-09-26 10:47:15', 79, 1, 2, '2024-07-15 22:19:54'),
(231, 'paid', 10, '2024-06-29 14:30:31', 80, 1, 2, '2024-07-15 22:19:54'),
(232, 'paid', 10, '2024-07-28 03:11:58', 81, 1, 2, '2024-07-15 22:19:54'),
(233, 'paid', 10, '2023-10-06 21:09:25', 82, 1, 2, '2024-07-15 22:19:54'),
(234, 'paid', 10, '2024-09-11 06:47:25', 83, 1, 2, '2024-07-15 22:19:54'),
(235, 'paid', 10, '2024-01-14 17:20:44', 84, 1, 2, '2024-07-15 22:19:54'),
(236, 'paid', 10, '2023-12-18 00:15:55', 85, 1, 2, '2024-07-15 22:19:54'),
(237, 'paid', 10, '2024-06-02 05:39:34', 86, 1, 2, '2024-07-15 22:19:54'),
(238, 'paid', 10, '2023-09-04 13:14:41', 87, 1, 2, '2024-07-15 22:19:54'),
(239, 'paid', 10, '2024-03-05 16:50:04', 88, 1, 2, '2024-07-15 22:19:54'),
(240, 'paid', 10, '2023-11-13 04:49:37', 89, 1, 2, '2024-07-15 22:19:54'),
(241, 'paid', 10, '2024-07-15 14:07:53', 90, 1, 2, '2024-07-15 22:19:54'),
(242, 'paid', 10, '2024-08-23 02:44:41', 91, 1, 2, '2024-07-15 22:19:54'),
(243, 'paid', 10, '2024-08-14 22:15:33', 92, 1, 2, '2024-07-15 22:19:54'),
(244, 'paid', 10, '2023-12-27 11:36:53', 93, 1, 2, '2024-07-15 22:19:54'),
(245, 'paid', 10, '2023-12-15 01:40:20', 94, 1, 2, '2024-07-15 22:19:54'),
(246, 'paid', 10, '2024-05-10 21:26:22', 95, 1, 2, '2024-07-15 22:19:54'),
(247, 'paid', 10, '2024-06-23 18:05:24', 96, 1, 2, '2024-07-15 22:19:54'),
(248, 'paid', 10, '2024-06-13 08:22:09', 97, 1, 2, '2024-07-15 22:19:54'),
(249, 'paid', 10, '2024-11-25 13:46:19', 98, 1, 2, '2024-07-15 22:19:54'),
(250, 'paid', 10, '2024-08-21 20:57:07', 99, 1, 2, '2024-07-15 22:19:54'),
(251, 'paid', 10, '2023-11-14 10:23:15', 100, 1, 2, '2024-07-15 22:19:54'),
(252, 'paid', 10, '2024-08-17 22:11:54', 1, 2, 2, '2024-07-15 22:19:54'),
(253, 'paid', 10, '2024-11-06 18:56:51', 2, 2, 2, '2024-07-15 22:19:54'),
(254, 'paid', 10, '2024-07-06 07:29:33', 3, 2, 2, '2024-07-15 22:19:54'),
(255, 'paid', 10, '2023-11-12 21:04:08', 4, 2, 2, '2024-07-15 22:19:54'),
(256, 'paid', 10, '2024-03-15 18:34:08', 5, 2, 2, '2024-07-15 22:19:54'),
(257, 'paid', 10, '2024-06-14 02:20:53', 6, 2, 2, '2024-07-15 22:19:54'),
(258, 'paid', 10, '2023-09-22 00:04:47', 7, 2, 2, '2024-07-15 22:19:54'),
(259, 'paid', 10, '2024-11-28 08:11:36', 8, 2, 2, '2024-07-15 22:19:54'),
(260, 'paid', 10, '2023-12-30 03:24:36', 9, 2, 2, '2024-07-15 22:19:54'),
(261, 'paid', 10, '2023-12-26 08:33:26', 10, 2, 2, '2024-07-15 22:19:54'),
(262, 'paid', 10, '2024-01-18 06:13:58', 11, 2, 2, '2024-07-15 22:19:54'),
(263, 'paid', 10, '2024-04-22 10:47:25', 12, 2, 2, '2024-07-15 22:19:54'),
(264, 'paid', 10, '2024-05-07 09:31:42', 13, 2, 2, '2024-07-15 22:19:54'),
(265, 'paid', 10, '2023-10-11 23:46:17', 14, 2, 2, '2024-07-15 22:19:54'),
(266, 'paid', 10, '2023-09-12 00:39:41', 15, 2, 2, '2024-07-15 22:19:54'),
(267, 'paid', 10, '2023-12-06 01:39:34', 16, 2, 2, '2024-07-15 22:19:54'),
(268, 'paid', 10, '2024-10-21 23:06:43', 17, 2, 2, '2024-07-15 22:19:54'),
(269, 'paid', 10, '2024-10-17 18:17:43', 18, 2, 2, '2024-07-15 22:19:54'),
(270, 'paid', 10, '2023-09-10 05:28:11', 19, 2, 2, '2024-07-15 22:19:54'),
(271, 'paid', 10, '2024-08-04 00:45:28', 20, 2, 2, '2024-07-15 22:19:54'),
(272, 'paid', 10, '2024-04-11 11:07:39', 21, 2, 2, '2024-07-15 22:19:54'),
(273, 'paid', 10, '2024-04-20 00:09:56', 22, 2, 2, '2024-07-15 22:19:54'),
(274, 'paid', 10, '2023-10-03 00:23:55', 23, 2, 2, '2024-07-15 22:19:54'),
(275, 'paid', 10, '2024-01-15 10:34:56', 24, 2, 2, '2024-07-15 22:19:54'),
(276, 'paid', 10, '2024-07-06 05:02:28', 25, 2, 2, '2024-07-15 22:19:54'),
(277, 'paid', 10, '2024-08-05 10:40:58', 26, 2, 2, '2024-07-15 22:19:54'),
(278, 'paid', 10, '2024-09-26 04:37:30', 27, 2, 2, '2024-07-15 22:19:54'),
(279, 'paid', 10, '2024-07-24 19:31:39', 28, 2, 2, '2024-07-15 22:19:54'),
(280, 'paid', 10, '2023-09-29 06:08:31', 29, 2, 2, '2024-07-15 22:19:54'),
(281, 'paid', 10, '2023-11-09 10:49:28', 30, 2, 2, '2024-07-15 22:19:54'),
(282, 'paid', 10, '2024-03-21 04:45:34', 31, 2, 2, '2024-07-15 22:19:54'),
(283, 'paid', 10, '2024-05-31 21:24:19', 32, 2, 2, '2024-07-15 22:19:54'),
(284, 'paid', 10, '2024-02-09 12:59:18', 33, 2, 2, '2024-07-15 22:19:54'),
(285, 'paid', 10, '2024-06-01 00:47:50', 34, 2, 2, '2024-07-15 22:19:54'),
(286, 'paid', 10, '2023-09-06 06:23:40', 35, 2, 2, '2024-07-15 22:19:54'),
(287, 'paid', 10, '2024-04-10 15:59:33', 36, 2, 2, '2024-07-15 22:19:54'),
(288, 'paid', 10, '2024-11-18 09:44:35', 37, 2, 2, '2024-07-15 22:19:54'),
(289, 'paid', 10, '2024-04-10 13:54:42', 38, 2, 2, '2024-07-15 22:19:54'),
(290, 'paid', 10, '2024-07-02 03:49:22', 39, 2, 2, '2024-07-15 22:19:54'),
(291, 'paid', 10, '2023-12-10 20:45:11', 40, 2, 2, '2024-07-15 22:19:54'),
(292, 'paid', 10, '2023-12-06 04:55:26', 41, 2, 2, '2024-07-15 22:19:54'),
(293, 'paid', 10, '2024-01-01 10:15:18', 42, 2, 2, '2024-07-15 22:19:54'),
(294, 'paid', 10, '2023-10-20 16:09:10', 43, 2, 2, '2024-07-15 22:19:54'),
(295, 'paid', 10, '2024-01-18 18:35:35', 44, 2, 2, '2024-07-15 22:19:54'),
(296, 'paid', 10, '2024-02-08 05:53:41', 45, 2, 2, '2024-07-15 22:19:54'),
(297, 'paid', 10, '2023-09-14 14:20:05', 46, 2, 2, '2024-07-15 22:19:54'),
(298, 'paid', 10, '2024-09-14 19:15:52', 47, 2, 2, '2024-07-15 22:19:54'),
(299, 'paid', 10, '2024-03-28 12:17:12', 48, 2, 2, '2024-07-15 22:19:54'),
(300, 'paid', 10, '2024-05-11 05:05:04', 49, 2, 2, '2024-07-15 22:19:54'),
(301, 'paid', 10, '2023-10-23 11:14:08', 50, 2, 2, '2024-07-15 22:19:54'),
(302, 'paid', 10, '2024-06-28 07:20:58', 51, 2, 2, '2024-07-15 22:19:54'),
(303, 'paid', 10, '2024-06-02 05:02:24', 52, 2, 2, '2024-07-15 22:19:54'),
(304, 'paid', 10, '2024-05-01 04:07:04', 53, 2, 2, '2024-07-15 22:19:54'),
(305, 'paid', 10, '2024-10-29 08:52:49', 54, 2, 2, '2024-07-15 22:19:54'),
(306, 'paid', 10, '2024-02-06 03:05:38', 55, 2, 2, '2024-07-15 22:19:54'),
(307, 'paid', 10, '2024-01-05 12:49:06', 56, 2, 2, '2024-07-15 22:19:54'),
(308, 'paid', 10, '2024-10-23 02:49:00', 57, 2, 2, '2024-07-15 22:19:54'),
(309, 'paid', 10, '2023-11-30 07:00:58', 58, 2, 2, '2024-07-15 22:19:54'),
(310, 'paid', 10, '2023-10-14 07:59:37', 59, 2, 2, '2024-07-15 22:19:54'),
(311, 'paid', 10, '2024-01-19 13:06:18', 60, 2, 2, '2024-07-15 22:19:54'),
(312, 'paid', 10, '2023-09-21 04:57:12', 61, 2, 2, '2024-07-15 22:19:54'),
(313, 'paid', 10, '2024-09-18 04:41:34', 62, 2, 2, '2024-07-15 22:19:54'),
(314, 'paid', 10, '2024-08-01 11:21:04', 63, 2, 2, '2024-07-15 22:19:54'),
(315, 'paid', 10, '2024-01-18 17:14:31', 64, 2, 2, '2024-07-15 22:19:54'),
(316, 'paid', 10, '2023-12-27 15:44:05', 65, 2, 2, '2024-07-15 22:19:54'),
(317, 'paid', 10, '2024-06-29 22:05:38', 66, 2, 2, '2024-07-15 22:19:54'),
(318, 'paid', 10, '2023-11-08 06:53:57', 67, 2, 2, '2024-07-15 22:19:54'),
(319, 'paid', 10, '2023-10-12 10:12:27', 68, 2, 2, '2024-07-15 22:19:54'),
(320, 'paid', 10, '2023-12-13 16:33:11', 69, 2, 2, '2024-07-15 22:19:54'),
(321, 'paid', 10, '2024-02-22 22:23:57', 70, 2, 2, '2024-07-15 22:19:54'),
(322, 'paid', 10, '2024-06-18 14:18:56', 71, 2, 2, '2024-07-15 22:19:54'),
(323, 'paid', 10, '2023-09-09 23:04:20', 72, 2, 2, '2024-07-15 22:19:54'),
(324, 'paid', 10, '2024-04-04 04:25:12', 73, 2, 2, '2024-07-15 22:19:54'),
(325, 'paid', 10, '2024-03-27 11:50:37', 74, 2, 2, '2024-07-15 22:19:54'),
(326, 'paid', 10, '2023-11-18 21:09:17', 75, 2, 2, '2024-07-15 22:19:54'),
(327, 'paid', 10, '2024-03-30 08:58:16', 76, 2, 2, '2024-07-15 22:19:54'),
(328, 'paid', 10, '2024-07-07 04:52:16', 77, 2, 2, '2024-07-15 22:19:54'),
(329, 'paid', 10, '2024-01-16 00:22:01', 78, 2, 2, '2024-07-15 22:19:54'),
(330, 'paid', 10, '2024-07-16 19:39:38', 79, 2, 2, '2024-07-15 22:19:54'),
(331, 'paid', 10, '2024-07-15 10:00:13', 80, 2, 2, '2024-07-15 22:19:54'),
(332, 'paid', 10, '2023-09-23 09:36:57', 81, 2, 2, '2024-07-15 22:19:54'),
(333, 'paid', 10, '2024-06-14 00:47:06', 82, 2, 2, '2024-07-15 22:19:54'),
(334, 'paid', 10, '2024-03-08 22:56:01', 83, 2, 2, '2024-07-15 22:19:54'),
(335, 'paid', 10, '2024-03-06 00:08:53', 84, 2, 2, '2024-07-15 22:19:54'),
(336, 'paid', 10, '2024-09-28 22:20:50', 85, 2, 2, '2024-07-15 22:19:54'),
(337, 'paid', 10, '2023-12-29 01:26:20', 86, 2, 2, '2024-07-15 22:19:54'),
(338, 'paid', 10, '2024-09-28 19:11:10', 87, 2, 2, '2024-07-15 22:19:54'),
(339, 'paid', 10, '2024-05-20 11:15:48', 88, 2, 2, '2024-07-15 22:19:54'),
(340, 'paid', 10, '2023-10-22 10:07:28', 89, 2, 2, '2024-07-15 22:19:54'),
(341, 'paid', 10, '2024-11-06 22:54:48', 90, 2, 2, '2024-07-15 22:19:54'),
(342, 'paid', 10, '2024-08-01 07:06:49', 91, 2, 2, '2024-07-15 22:19:54'),
(343, 'paid', 10, '2024-04-13 11:42:27', 92, 2, 2, '2024-07-15 22:19:54'),
(344, 'paid', 10, '2023-11-08 07:50:33', 93, 2, 2, '2024-07-15 22:19:54'),
(345, 'paid', 10, '2024-06-24 04:50:59', 94, 2, 2, '2024-07-15 22:19:54'),
(346, 'paid', 10, '2024-09-18 20:41:02', 95, 2, 2, '2024-07-15 22:19:54'),
(347, 'paid', 10, '2024-06-18 01:10:55', 96, 2, 2, '2024-07-15 22:19:54'),
(348, 'paid', 10, '2023-09-18 11:07:08', 97, 2, 2, '2024-07-15 22:19:54'),
(349, 'paid', 10, '2024-03-01 16:25:56', 98, 2, 2, '2024-07-15 22:19:54'),
(350, 'paid', 10, '2024-05-07 09:49:00', 99, 2, 2, '2024-07-15 22:19:54'),
(351, 'paid', 10, '2023-09-07 16:39:43', 100, 2, 2, '2024-07-15 22:19:54'),
(352, 'paid', 10, '2024-11-16 13:30:39', 1, 2, 1, '2024-07-15 22:19:54'),
(353, 'paid', 10, '2023-10-23 05:09:15', 2, 2, 1, '2024-07-15 22:19:54'),
(354, 'paid', 10, '2023-09-29 15:49:42', 3, 2, 1, '2024-07-15 22:19:54'),
(355, 'paid', 10, '2024-06-02 01:09:21', 4, 2, 1, '2024-07-15 22:19:54'),
(356, 'paid', 10, '2023-10-30 05:23:13', 5, 2, 1, '2024-07-15 22:19:54'),
(357, 'paid', 10, '2024-03-30 23:45:44', 6, 2, 1, '2024-07-15 22:19:54'),
(358, 'paid', 10, '2024-03-08 14:53:50', 7, 2, 1, '2024-07-15 22:19:54'),
(359, 'paid', 10, '2024-04-01 17:47:54', 8, 2, 1, '2024-07-15 22:19:54'),
(360, 'paid', 10, '2023-12-17 05:57:11', 9, 2, 1, '2024-07-15 22:19:54'),
(361, 'paid', 10, '2023-09-15 04:37:25', 10, 2, 1, '2024-07-15 22:19:54'),
(362, 'paid', 10, '2024-01-05 17:46:26', 11, 2, 1, '2024-07-15 22:19:54'),
(363, 'paid', 10, '2023-09-01 15:19:00', 12, 2, 1, '2024-07-15 22:19:54'),
(364, 'paid', 10, '2024-06-08 09:59:48', 13, 2, 1, '2024-07-15 22:19:54'),
(365, 'paid', 10, '2024-08-30 09:27:54', 14, 2, 1, '2024-07-15 22:19:54'),
(366, 'paid', 10, '2023-12-16 20:59:59', 15, 2, 1, '2024-07-15 22:19:54'),
(367, 'paid', 10, '2024-03-24 10:20:30', 16, 2, 1, '2024-07-15 22:19:54'),
(368, 'paid', 10, '2023-10-20 12:57:52', 17, 2, 1, '2024-07-15 22:19:54'),
(369, 'paid', 10, '2024-08-22 15:50:46', 18, 2, 1, '2024-07-15 22:19:54'),
(370, 'paid', 10, '2024-06-29 11:42:27', 19, 2, 1, '2024-07-15 22:19:54'),
(371, 'paid', 10, '2024-01-20 02:01:09', 20, 2, 1, '2024-07-15 22:19:54'),
(372, 'paid', 10, '2023-11-19 10:02:31', 21, 2, 1, '2024-07-15 22:19:54'),
(373, 'paid', 10, '2024-04-29 09:18:27', 22, 2, 1, '2024-07-15 22:19:54'),
(374, 'paid', 10, '2023-12-17 19:02:25', 23, 2, 1, '2024-07-15 22:19:54'),
(375, 'paid', 10, '2024-09-23 03:37:50', 24, 2, 1, '2024-07-15 22:19:54'),
(376, 'paid', 10, '2023-11-14 17:03:22', 25, 2, 1, '2024-07-15 22:19:54'),
(377, 'paid', 10, '2024-08-18 21:16:02', 26, 2, 1, '2024-07-15 22:19:54'),
(378, 'paid', 10, '2023-11-14 11:37:03', 27, 2, 1, '2024-07-15 22:19:54'),
(379, 'paid', 10, '2024-07-15 06:29:04', 28, 2, 1, '2024-07-15 22:19:54'),
(380, 'paid', 10, '2024-07-14 09:55:55', 29, 2, 1, '2024-07-15 22:19:54'),
(381, 'paid', 10, '2024-02-08 20:02:51', 30, 2, 1, '2024-07-15 22:19:54'),
(382, 'paid', 10, '2024-05-18 22:08:03', 31, 2, 1, '2024-07-15 22:19:54'),
(383, 'paid', 10, '2024-03-12 03:52:14', 32, 2, 1, '2024-07-15 22:19:54'),
(384, 'paid', 10, '2024-10-02 02:38:33', 33, 2, 1, '2024-07-15 22:19:54'),
(385, 'paid', 10, '2024-08-19 14:24:04', 34, 2, 1, '2024-07-15 22:19:54'),
(386, 'paid', 10, '2024-04-05 06:33:41', 35, 2, 1, '2024-07-15 22:19:54'),
(387, 'paid', 10, '2024-02-15 01:55:20', 36, 2, 1, '2024-07-15 22:19:54'),
(388, 'paid', 10, '2023-11-03 09:04:59', 37, 2, 1, '2024-07-15 22:19:54'),
(389, 'paid', 10, '2024-07-11 08:06:56', 38, 2, 1, '2024-07-15 22:19:54'),
(390, 'paid', 10, '2024-10-09 10:58:43', 39, 2, 1, '2024-07-15 22:19:54'),
(391, 'paid', 10, '2024-11-05 23:49:15', 40, 2, 1, '2024-07-15 22:19:54'),
(392, 'paid', 10, '2024-02-25 18:34:16', 41, 2, 1, '2024-07-15 22:19:54'),
(393, 'paid', 10, '2024-05-07 03:55:35', 42, 2, 1, '2024-07-15 22:19:54'),
(394, 'paid', 10, '2024-11-04 01:51:42', 43, 2, 1, '2024-07-15 22:19:54'),
(395, 'paid', 10, '2024-04-20 23:21:23', 44, 2, 1, '2024-07-15 22:19:54'),
(396, 'paid', 10, '2024-01-14 20:04:26', 45, 2, 1, '2024-07-15 22:19:54'),
(397, 'paid', 10, '2024-02-28 05:16:51', 46, 2, 1, '2024-07-15 22:19:54'),
(398, 'paid', 10, '2024-04-13 06:12:38', 47, 2, 1, '2024-07-15 22:19:54'),
(399, 'paid', 10, '2024-10-29 06:19:04', 48, 2, 1, '2024-07-15 22:19:54'),
(400, 'paid', 10, '2024-04-28 19:56:56', 49, 2, 1, '2024-07-15 22:19:54'),
(401, 'paid', 10, '2024-02-02 16:42:07', 50, 2, 1, '2024-07-15 22:19:54'),
(402, 'paid', 10, '2023-12-17 14:03:55', 51, 2, 1, '2024-07-15 22:19:54'),
(403, 'paid', 10, '2024-11-24 09:16:24', 52, 2, 1, '2024-07-15 22:19:54'),
(404, 'paid', 10, '2023-10-01 16:51:21', 53, 2, 1, '2024-07-15 22:19:54'),
(405, 'paid', 10, '2024-01-05 08:42:41', 54, 2, 1, '2024-07-15 22:19:54'),
(406, 'paid', 10, '2024-09-11 08:36:11', 55, 2, 1, '2024-07-15 22:19:54'),
(407, 'paid', 10, '2024-06-12 18:55:57', 56, 2, 1, '2024-07-15 22:19:54'),
(408, 'paid', 10, '2024-03-19 23:44:29', 57, 2, 1, '2024-07-15 22:19:54'),
(409, 'paid', 10, '2023-12-10 04:06:21', 58, 2, 1, '2024-07-15 22:19:54'),
(410, 'paid', 10, '2024-04-25 21:24:15', 59, 2, 1, '2024-07-15 22:19:54'),
(411, 'paid', 10, '2024-02-22 05:20:04', 60, 2, 1, '2024-07-15 22:19:54'),
(412, 'paid', 10, '2023-09-06 17:38:30', 61, 2, 1, '2024-07-15 22:19:54'),
(413, 'paid', 10, '2024-11-03 17:58:54', 62, 2, 1, '2024-07-15 22:19:54'),
(414, 'paid', 10, '2024-10-21 21:17:02', 63, 2, 1, '2024-07-15 22:19:54'),
(415, 'paid', 10, '2024-05-03 11:04:33', 64, 2, 1, '2024-07-15 22:19:54'),
(416, 'paid', 10, '2024-07-31 17:08:09', 65, 2, 1, '2024-07-15 22:19:54'),
(417, 'paid', 10, '2023-11-29 09:17:40', 66, 2, 1, '2024-07-15 22:19:54'),
(418, 'paid', 10, '2024-07-07 03:58:39', 67, 2, 1, '2024-07-15 22:19:54'),
(419, 'paid', 10, '2024-03-24 16:56:22', 68, 2, 1, '2024-07-15 22:19:54'),
(420, 'paid', 10, '2023-12-22 03:18:25', 69, 2, 1, '2024-07-15 22:19:54'),
(421, 'paid', 10, '2024-02-01 05:21:39', 70, 2, 1, '2024-07-15 22:19:54'),
(422, 'paid', 10, '2023-12-20 16:20:38', 71, 2, 1, '2024-07-15 22:19:54'),
(423, 'paid', 10, '2024-07-09 01:28:04', 72, 2, 1, '2024-07-15 22:19:54'),
(424, 'paid', 10, '2024-11-26 13:12:19', 73, 2, 1, '2024-07-15 22:19:54'),
(426, 'paid', 10, '2024-04-28 22:25:36', 75, 2, 1, '2024-07-15 22:19:54'),
(427, 'paid', 10, '2023-11-22 22:26:42', 76, 2, 1, '2024-07-15 22:19:54'),
(428, 'paid', 10, '2024-03-06 02:27:23', 77, 2, 1, '2024-07-15 22:19:54'),
(429, 'paid', 10, '2024-08-21 03:05:50', 78, 2, 1, '2024-07-15 22:19:54'),
(430, 'paid', 10, '2024-08-26 14:54:53', 79, 2, 1, '2024-07-15 22:19:54'),
(431, 'paid', 10, '2024-08-02 17:14:19', 80, 2, 1, '2024-07-15 22:19:54'),
(432, 'paid', 10, '2024-08-26 20:57:04', 81, 2, 1, '2024-07-15 22:19:54'),
(433, 'paid', 10, '2024-05-04 06:44:29', 82, 2, 1, '2024-07-15 22:19:54'),
(434, 'paid', 10, '2024-03-30 18:09:48', 83, 2, 1, '2024-07-15 22:19:54'),
(435, 'paid', 10, '2024-07-14 16:32:56', 84, 2, 1, '2024-07-15 22:19:54'),
(436, 'paid', 10, '2024-10-05 22:32:42', 85, 2, 1, '2024-07-15 22:19:54'),
(437, 'paid', 10, '2023-11-20 07:35:03', 86, 2, 1, '2024-07-15 22:19:54'),
(438, 'paid', 10, '2023-10-01 14:34:18', 87, 2, 1, '2024-07-15 22:19:54'),
(439, 'paid', 10, '2024-07-18 08:59:37', 88, 2, 1, '2024-07-15 22:19:54'),
(440, 'paid', 10, '2023-09-12 22:33:12', 89, 2, 1, '2024-07-15 22:19:54'),
(441, 'paid', 10, '2024-05-04 06:07:02', 90, 2, 1, '2024-07-15 22:19:54'),
(442, 'paid', 10, '2023-10-31 00:52:44', 91, 2, 1, '2024-07-15 22:19:54'),
(443, 'paid', 10, '2024-01-08 14:43:52', 92, 2, 1, '2024-07-15 22:19:54'),
(444, 'paid', 10, '2023-11-14 08:45:37', 93, 2, 1, '2024-07-15 22:19:54'),
(445, 'paid', 10, '2024-07-16 14:19:36', 94, 2, 1, '2024-07-15 22:19:54'),
(446, 'paid', 10, '2024-03-23 23:10:03', 95, 2, 1, '2024-07-15 22:19:54'),
(447, 'paid', 10, '2024-02-08 20:05:04', 96, 2, 1, '2024-07-15 22:19:54'),
(448, 'paid', 10, '2023-11-25 04:45:56', 97, 2, 1, '2024-07-15 22:19:54'),
(449, 'paid', 10, '2024-04-16 08:09:47', 98, 2, 1, '2024-07-15 22:19:54'),
(450, 'paid', 10, '2023-10-01 03:43:35', 99, 2, 1, '2024-07-15 22:19:54'),
(451, 'paid', 10, '2023-10-30 22:27:16', 100, 2, 1, '2024-07-15 22:19:54'),
(452, 'paid', 10, '2024-11-28 22:16:16', 66, 1, 1, '2024-07-15 22:19:54'),
(453, 'paid', 2, '2024-07-31 00:20:04', 1, 1, 1, '2024-07-15 22:20:59'),
(454, 'paid', 10, '2024-07-31 00:20:04', 1, 1, 2, '2024-07-18 08:37:56'),
(455, 'paid', 10, '2024-07-31 00:20:04', 1, 1, 1, '2024-07-18 08:53:49'),
(456, 'paid', 10, '2024-07-31 00:20:04', 1, 1, 3, '2024-07-18 08:57:09'),
(457, 'paid', 10, '2024-07-31 00:20:04', 1, 1, 2, '2024-07-18 09:00:05'),
(458, 'paid', 10, '2024-07-19 03:00:00', 1, 1, 2, '2024-07-18 09:14:00'),
(459, 'paid', 4, '2024-07-26 03:30:00', 1, 1, 2, '2024-07-24 17:44:00'),
(460, 'paid', 4, '2024-07-26 03:30:00', 1, 1, 2, '2024-07-24 17:48:59'),
(461, 'paid', 2, '2024-07-26 07:00:00', 1, 1, 2, '2024-07-24 17:50:28'),
(462, 'paid', 3, '2024-07-26 07:00:00', 1, 1, 2, '2024-07-24 17:51:51'),
(463, 'paid', 2, '2024-07-26 03:30:00', 1, 1, 2, '2024-07-24 17:53:35'),
(464, 'paid', 2, '2024-07-26 03:30:00', 1, 1, 2, '2024-07-24 17:54:40'),
(465, 'paid', 2, '2024-07-27 05:00:00', 1, 1, 2, '2024-07-24 17:54:58'),
(466, 'paid', 2, '2024-07-27 04:00:00', 1, 1, 2, '2024-07-24 17:56:12'),
(467, 'paid', 1, '2024-07-27 04:30:00', 1, 1, 2, '2024-07-24 18:00:07'),
(468, 'paid', 3, '2024-07-27 05:00:00', 1, 1, 1, '2024-07-24 18:04:48'),
(469, 'paid', 2, '2024-07-27 04:30:00', 1, 1, 2, '2024-07-24 18:05:49'),
(470, 'paid', 2, '2024-07-27 04:30:00', 1, 1, 2, '2024-07-24 18:08:16'),
(471, 'paid', 2, '2024-07-27 04:30:00', 1, 1, 2, '2024-07-24 18:08:58'),
(472, 'paid', 2, '2024-07-27 04:30:00', 1, 1, 2, '2024-07-24 18:10:14'),
(473, 'paid', 2, '2024-08-25 04:30:00', 1, 1, 2, '2024-07-24 22:14:39'),
(474, 'paid', 2, '2024-07-27 08:00:00', 1, 1, 2, '2024-07-25 12:16:33'),
(475, 'paid', 2, '2024-07-27 08:00:00', 1, 1, 2, '2024-07-25 12:16:50'),
(476, 'paid', 2, '2024-07-27 08:00:00', 1, 1, 1, '2024-07-25 12:21:58'),
(477, 'paid', 4, '2024-07-27 05:00:00', 1, 2, 2, '2024-07-25 12:50:56'),
(478, 'paid', 2, '2024-07-27 05:30:00', 1, 1, 2, '2024-07-25 12:51:49'),
(479, 'paid', 2, '2024-07-27 05:30:00', 1, 1, 2, '2024-07-25 12:52:00'),
(480, 'paid', 2, '2024-07-28 05:00:00', 1, 2, 2, '2024-07-25 12:52:14'),
(481, 'paid', 2, '2024-07-28 04:30:00', 1, 2, 2, '2024-07-25 12:56:25'),
(482, 'paid', 2, '2024-07-28 04:30:00', 1, 1, 2, '2024-07-25 12:57:37'),
(483, 'paid', 2, '2024-10-27 05:00:00', 1, 1, 2, '2024-07-25 13:00:19'),
(484, 'paid', 4, '2024-07-27 04:00:00', 1, 1, 2, '2024-07-25 13:00:55'),
(485, 'paid', 3, '2024-07-28 12:00:00', 1, 1, 1, '2024-07-25 13:05:34'),
(486, 'paid', 2, '2024-07-27 01:30:00', 1, 1, 3, '2024-07-25 13:11:49'),
(487, 'paid', 2, '2024-12-20 03:00:00', 1, 1, 2, '2024-07-25 13:52:24'),
(488, 'paid', 2, '2024-12-20 03:00:00', 1, 1, 2, '2024-07-25 13:52:48'),
(489, 'paid', 2, '2024-12-20 03:00:00', 1, 1, 2, '2024-07-25 13:53:05'),
(490, 'paid', 3, '2024-07-28 05:30:00', 1, 1, 2, '2024-07-25 13:53:18'),
(491, 'paid', 3, '2024-07-27 04:00:00', 1, 1, 1, '2024-07-25 13:56:32'),
(492, 'paid', 3, '2024-07-27 04:00:00', 1, 1, 1, '2024-07-25 13:56:39'),
(493, 'paid', 3, '2024-07-27 04:00:00', 1, 1, 1, '2024-07-25 13:56:39'),
(494, 'paid', 2, '2024-07-28 04:30:00', 1, 1, 1, '2024-07-25 13:58:29'),
(495, 'paid', 2, '2024-07-27 04:30:00', 1, 1, 3, '2024-07-25 13:59:34'),
(496, 'paid', 4, '2024-11-23 04:30:00', 1, 1, 2, '2024-07-25 14:16:18'),
(497, 'paid', 5, '2024-07-27 03:30:00', 1, 1, 2, '2024-07-25 14:26:56'),
(498, 'paid', 5, '2024-07-27 03:30:00', 1, 1, 2, '2024-07-25 14:27:06'),
(499, 'paid', 5, '2024-07-27 03:30:00', 1, 1, 2, '2024-07-25 14:28:05'),
(500, 'paid', 4, '2024-10-20 04:00:00', 1, 1, 1, '2024-07-25 14:28:15'),
(501, 'paid', 4, '2024-10-20 04:00:00', 1, 1, 1, '2024-07-25 14:28:19'),
(502, 'paid', 2, '2024-07-27 02:00:00', 1, 1, 1, '2024-07-25 14:31:57'),
(503, 'paid', 2, '2024-07-27 02:00:00', 1, 1, 1, '2024-07-25 14:32:01'),
(504, 'paid', 3, '2024-07-27 04:30:00', 1, 1, 2, '2024-07-25 14:33:25'),
(505, 'paid', 2, '2024-09-14 05:00:00', 1, 2, 2, '2024-07-25 14:35:06'),
(506, 'paid', 2, '2024-07-27 08:00:00', 1, 1, 2, '2024-07-25 14:35:36'),
(507, 'paid', 2, '2024-11-17 04:30:00', 1, 1, 2, '2024-07-25 14:40:09'),
(508, 'paid', 3, '2024-11-10 04:00:00', 1, 1, 1, '2024-07-25 14:44:02'),
(509, 'paid', 3, '2024-07-28 04:30:00', 1, 1, 2, '2024-07-25 14:46:17'),
(510, 'paid', 4, '2024-10-27 01:30:00', 1, 2, 1, '2024-07-25 14:47:17'),
(511, 'paid', 3, '2024-07-28 01:30:00', 1, 1, 2, '2024-07-25 14:49:48'),
(512, 'paid', 3, '2024-07-27 05:00:00', 1, 1, 2, '2024-07-25 14:50:34'),
(513, 'paid', 3, '2024-10-13 03:30:00', 1, 1, 2, '2024-07-25 14:55:12'),
(514, 'paid', 4, '2024-11-23 04:30:00', 1, 1, 2, '2024-07-25 14:57:35'),
(515, 'paid', 5, '2024-11-20 11:30:00', 1, 1, 2, '2024-07-25 14:59:36'),
(516, 'paid', 6, '2024-12-15 04:00:00', 1, 1, 2, '2024-07-25 15:04:20'),
(517, 'paid', 5, '2025-02-15 11:00:00', 1, 1, 1, '2024-07-25 15:05:38'),
(518, 'paid', 3, '2024-07-26 11:30:00', 1, 1, 1, '2024-07-25 15:06:14'),
(519, 'paid', 3, '2024-07-27 04:00:00', 1, 2, 1, '2024-07-25 15:19:19'),
(520, 'paid', 2, '2025-03-15 12:00:00', 1, 1, 1, '2024-07-25 15:21:04'),
(521, 'paid', 5, '2024-10-17 03:30:00', 1, 1, 1, '2024-07-25 15:22:11'),
(522, 'paid', 3, '2024-08-17 05:00:00', 1, 1, 2, '2024-07-25 15:22:53'),
(523, 'paid', 4, '2024-10-10 10:30:00', 1, 1, 1, '2024-07-25 15:24:11'),
(524, 'paid', 3, '2024-12-13 11:30:00', 1, 1, 2, '2024-07-25 15:27:48'),
(525, 'paid', 3, '2024-11-15 10:30:00', 1, 1, 1, '2024-07-25 15:29:28'),
(526, 'paid', 2, '2024-07-28 12:30:00', 1, 2, 2, '2024-07-25 15:36:44'),
(527, 'paid', 4, '2024-10-11 11:00:00', 1, 1, 2, '2024-07-25 16:06:45'),
(528, 'paid', 2, '2024-07-28 01:30:00', 1, 1, 2, '2024-07-25 16:13:02'),
(529, 'paid', 4, '2024-07-27 12:30:00', 1, 2, 2, '2024-07-25 16:16:29'),
(530, 'paid', 2, '2024-08-23 03:30:00', 1, 1, 1, '2024-07-27 07:03:31'),
(531, 'paid', 3, '2024-11-16 04:00:00', 1, 1, 2, '2024-07-27 11:24:08'),
(532, 'paid', 3, '2024-09-13 11:00:00', 1, 1, 2, '2024-07-28 12:36:40'),
(533, 'paid', 3, '2024-09-27 02:30:00', 1, 2, 2, '2024-07-28 12:37:18'),
(534, 'paid', 2, '2024-07-31 12:00:00', 1, 1, 2, '2024-07-28 17:35:42'),
(535, 'paid', 2, '2024-09-21 03:00:00', 1, 1, 3, '2024-07-28 17:36:55'),
(536, 'paid', 2, '2024-09-21 03:00:00', 1, 1, 3, '2024-07-28 17:36:58'),
(537, 'paid', 5, '2024-11-15 03:30:00', 1, 1, 2, '2024-07-28 17:41:59'),
(538, 'paid', 4, '2024-11-16 08:00:00', 1, 1, 3, '2024-07-28 17:44:23'),
(539, 'paid', 3, '2024-09-13 03:00:00', 1, 1, 1, '2024-07-28 18:22:52'),
(540, 'paid', 5, '2024-08-23 03:30:00', 1, 1, 2, '2024-07-28 18:24:22'),
(541, 'paid', 3, '2024-10-13 02:00:00', 1, 1, 2, '2024-07-28 20:53:24'),
(542, 'paid', 2, '2024-09-14 11:30:00', 1, 1, 1, '2024-07-28 20:53:52'),
(543, 'paid', 2, '2024-09-13 11:30:00', 1, 1, 1, '2024-07-28 21:03:54'),
(544, 'paid', 2, '2024-09-11 04:30:00', 1, 1, 1, '2024-07-28 21:04:25'),
(545, 'paid', 2, '2024-08-09 03:30:00', 1, 1, 2, '2024-07-28 21:07:55'),
(546, 'paid', 4, '2024-09-13 11:30:00', 1, 1, 1, '2024-07-28 21:09:29'),
(547, 'paid', 3, '2024-09-07 04:00:00', 1, 1, 1, '2024-07-28 21:10:19'),
(548, 'paid', 3, '2024-07-31 11:30:00', 1, 1, 1, '2024-07-28 21:12:14'),
(549, 'paid', 3, '2024-07-31 02:00:00', 1, 1, 1, '2024-07-28 21:13:11'),
(550, 'paid', 3, '2024-07-31 02:00:00', 1, 1, 1, '2024-07-28 21:13:30'),
(551, 'paid', 1, NULL, 1, 1, 1, '2024-07-28 21:22:59'),
(552, 'paid', 1, NULL, 1, 1, 1, '2024-07-28 21:23:02'),
(553, 'paid', 2, '2024-10-16 15:30:00', 1, 1, 2, '2024-07-28 21:23:40'),
(554, 'paid', 2, '2024-09-06 11:30:00', 1, 1, 1, '2024-07-28 21:24:42'),
(555, 'paid', 2, '2024-08-10 13:00:00', 1, 1, 1, '2024-07-28 21:41:40'),
(556, 'paid', 2, '2024-08-10 13:00:00', 1, 1, 1, '2024-07-28 21:41:51'),
(557, 'paid', 3, '2024-11-09 12:00:00', 1, 1, 1, '2024-07-28 21:42:12'),
(558, 'paid', 2, '2024-10-12 13:00:00', 1, 1, 2, '2024-07-28 21:43:14'),
(559, 'paid', 2, '2024-12-01 11:00:00', 1, 1, 1, '2024-07-28 21:51:36'),
(560, 'paid', 2, '2024-07-31 10:00:00', 1, 1, 1, '2024-07-28 22:09:03'),
(561, 'unpaid', 1, '2024-07-31 15:00:00', 1, 1, 2, '2024-07-28 22:36:27'),
(562, 'unpaid', 1, '2024-07-31 10:30:00', 1, 1, 1, '2024-07-28 22:38:09'),
(563, 'unpaid', 2, '2024-07-31 10:00:00', 1, 1, 1, '2024-07-28 22:40:22'),
(564, 'unpaid', 3, '2024-07-31 15:00:00', 1, 1, 1, '2024-07-28 22:55:12'),
(565, 'unpaid', 2, '2024-10-17 11:30:00', 1, 1, 2, '2024-07-29 05:51:05'),
(566, 'unpaid', 3, '2024-10-18 15:00:00', 1, 1, 1, '2024-07-29 05:58:15'),
(567, 'unpaid', 2, '2024-07-31 15:00:00', 1, 2, 2, '2024-07-29 07:02:43'),
(568, 'unpaid', 2, '2024-07-31 14:30:00', 1, 1, 2, '2024-07-29 19:23:53'),
(569, 'unpaid', 2, '2024-07-31 11:30:00', 1, 1, 1, '2024-07-29 19:27:33'),
(570, 'unpaid', 2, '2024-08-23 15:00:00', 1, 1, 2, '2024-07-29 19:28:31'),
(571, 'unpaid', 2, '2024-07-31 19:00:00', 1, 1, 2, '2024-07-29 19:29:33'),
(572, 'unpaid', 2, '2024-07-31 11:30:00', 1, 1, 2, '2024-07-29 19:30:50'),
(573, 'unpaid', 2, '2024-08-23 14:30:00', 1, 1, 2, '2024-07-29 19:32:14'),
(574, 'unpaid', 2, '2024-07-31 11:30:00', 1, 1, 2, '2024-07-29 19:38:17'),
(575, 'unpaid', 2, '2024-09-07 11:00:00', 1, 1, 1, '2024-07-29 19:41:20'),
(576, 'unpaid', 2, '2024-07-31 10:30:00', 1, 1, 2, '2024-07-29 19:43:35'),
(577, 'unpaid', 2, '2024-07-31 17:00:00', 1, 1, 2, '2024-07-29 19:44:29'),
(578, 'unpaid', 2, '2024-07-31 19:00:00', 1, 2, 2, '2024-07-29 19:51:54'),
(579, 'unpaid', 3, '2024-09-13 14:30:00', 1, 1, 2, '2024-07-29 19:53:32'),
(580, 'unpaid', 3, '2024-09-13 14:30:00', 1, 2, 2, '2024-07-29 21:12:39'),
(581, 'unpaid', 1, '2024-07-31 11:30:00', 1, 1, 1, '2024-07-29 21:14:38'),
(582, 'unpaid', 3, '2024-09-19 15:30:00', 1, 1, 3, '2024-07-29 21:24:07'),
(584, 'unpaid', 3, '2024-10-12 16:00:00', 1, 1, 1, '2024-07-29 23:24:27'),
(585, 'unpaid', 2, '2024-09-14 11:00:00', 1, 1, 1, '2024-07-29 23:27:25'),
(586, 'unpaid', 5, '2024-07-31 11:00:00', 1, 1, 1, '2024-07-29 23:28:18'),
(587, 'unpaid', 2, '2024-09-07 12:00:00', 1, 1, 2, '2024-07-29 23:33:44'),
(588, 'unpaid', 3, '2024-12-15 15:30:00', 1, 2, 1, '2024-07-29 23:36:26'),
(589, 'unpaid', 3, '2024-11-16 16:00:00', 1, 1, 2, '2024-07-29 23:37:42'),
(590, 'unpaid', 2, '2024-10-19 12:00:00', 1, 1, 2, '2024-07-29 23:43:09'),
(591, 'unpaid', 2, '2025-03-05 14:30:00', 1, 1, 1, '2024-07-29 23:46:41'),
(592, 'unpaid', 3, '2025-02-04 11:00:00', 1, 1, 2, '2024-07-30 04:42:16'),
(593, 'unpaid', 4, '2025-02-04 11:00:00', 1, 1, 1, '2024-07-30 04:43:59'),
(594, 'unpaid', 5, '2025-02-15 16:00:00', 1, 1, 2, '2024-07-30 04:52:03'),
(595, 'unpaid', 3, '2024-10-11 14:30:00', 1, 1, 1, '2024-07-30 05:01:29'),
(599, 'unpaid', 3, '2024-07-31 10:30:00', 1, 1, 1, '2024-07-30 05:31:37'),
(602, 'unpaid', 3, '2024-09-20 14:30:00', 1, 1, 1, '2024-07-30 05:39:24'),
(603, 'unpaid', 2, '2024-08-16 10:30:00', 1, 1, 1, '2024-07-30 05:46:23'),
(604, 'unpaid', 2, '2024-10-20 15:30:00', 1, 1, 2, '2024-07-30 06:06:28'),
(605, 'unpaid', 2, '2024-08-17 16:00:00', 1, 1, 2, '2024-07-30 06:11:07'),
(606, 'unpaid', 2, '2024-07-31 19:00:00', 1, 1, 2, '2024-07-30 06:22:42'),
(608, 'unpaid', 3, '2024-09-20 15:00:00', 1, 1, 2, '2024-07-30 15:31:57'),
(610, 'unpaid', 6, '2024-08-17 16:00:00', 1, 1, 1, '2024-07-30 15:37:48'),
(611, 'unpaid', 3, '2024-08-24 13:00:00', 1, 1, 2, '2024-07-30 15:43:56'),
(612, 'unpaid', 2, '2024-09-20 15:30:00', 1, 1, 2, '2024-07-30 17:14:03'),
(613, 'unpaid', 2, '2024-08-16 11:00:00', 1, 1, 2, '2024-07-30 17:15:19'),
(614, 'unpaid', 1, '2024-09-23 14:30:00', 1, 2, 2, '2024-07-30 17:15:51'),
(615, 'unpaid', 3, '2024-08-31 15:30:00', 1, 1, 1, '2024-07-30 17:51:46'),
(616, 'unpaid', 2, '2024-09-20 11:30:00', 1, 1, 1, '2024-07-30 17:52:19'),
(617, 'unpaid', 5, '2024-11-30 20:00:00', 1, 2, 2, '2024-07-30 17:54:29'),
(618, 'unpaid', 4, '2024-08-17 11:00:00', 1, 1, 1, '2024-07-30 17:59:02'),
(619, 'unpaid', 2, '2024-11-16 12:30:00', 1, 1, 1, '2024-07-30 18:26:02'),
(620, 'unpaid', 2, '2024-08-10 12:30:00', 1, 1, 1, '2024-07-30 18:27:26'),
(621, 'unpaid', 3, '2024-08-09 11:00:00', 1, 1, 1, '2024-07-30 18:48:16'),
(622, 'unpaid', 3, '2024-08-09 11:00:00', 1, 1, 1, '2024-07-30 18:48:17'),
(623, 'unpaid', 3, '2024-08-09 11:00:00', 1, 1, 1, '2024-07-30 18:48:27'),
(624, 'unpaid', 2, '2024-08-16 15:30:00', 1, 1, 1, '2024-07-30 18:49:17'),
(625, 'unpaid', 3, '2024-08-31 17:00:00', 1, 1, 1, '2024-07-30 19:43:19'),
(626, 'unpaid', 3, '2024-08-30 15:30:00', 1, 1, 1, '2024-07-30 20:11:55'),
(627, 'unpaid', 3, '2024-10-25 12:00:00', 1, 1, 2, '2024-07-30 21:01:57'),
(628, 'unpaid', 3, '2024-07-31 15:00:00', 1, 1, 2, '2024-07-30 21:06:22'),
(629, 'unpaid', 2, '2024-08-31 16:00:00', 1, 2, 2, '2024-07-30 21:47:41'),
(630, 'unpaid', 2, '2024-08-24 16:30:00', 1, 1, 1, '2024-07-30 22:04:37'),
(631, 'unpaid', 2, '2024-08-31 20:00:00', 1, 2, 2, '2024-07-30 22:09:14'),
(633, 'unpaid', 2, '2024-08-01 10:00:00', 1, 2, 3, '2024-07-30 22:19:43');

-- --------------------------------------------------------

--
-- Table structure for table `users`
--

CREATE TABLE `users` (
  `id_user` int UNSIGNED NOT NULL,
  `fname` varchar(50) NOT NULL,
  `lname` varchar(50) NOT NULL,
  `birthdate` datetime NOT NULL,
  `telephone` varchar(15) NOT NULL,
  `email` varchar(50) NOT NULL,
  `password` varchar(255) NOT NULL,
  `id_adresses` int UNSIGNED NOT NULL
) ENGINE=InnoDB DEFAULT CHARSET=utf8mb4 COLLATE=utf8mb4_0900_ai_ci;

--
-- Dumping data for table `users`
--

INSERT INTO `users` (`id_user`, `fname`, `lname`, `birthdate`, `telephone`, `email`, `password`, `id_adresses`) VALUES
(1, 'Jervis', 'Boswell', '0000-00-00 00:00:00', '461-31-3149', 'jboswell0@marketwatch.com', '$2a$04$MD7DRSdvxCi3XqFZTWqMPeIv4L5yu5DlGK53Vor5xbTTiazkEVAAC', 1),
(2, 'Phedra', 'Ziemen', '0000-00-00 00:00:00', '625-13-1113', 'pziemen1@businesswire.com', '$2a$04$QF./TFaq12yvwfC6gapSmOEFCrb3Px/iV.ahnErsofaz/I.2i5J/a', 1),
(3, 'Ettore', 'Pennetta', '0000-00-00 00:00:00', '885-99-0700', 'epennetta2@angelfire.com', '$2a$04$H2HMqyNOqEYKixJ82QtXR.TVrLe.cC9G/qsj1oQCQJRkNJQ8f0tm2', 1),
(4, 'Merle', 'Tanser', '0000-00-00 00:00:00', '277-71-0137', 'mtanser3@state.tx.us', '$2a$04$jmIJYJItkTO4j56AJAThTOx6Io6LI6daE9hTU1I2V6QEuwKbuCmYu', 1),
(5, 'Matthaeus', 'Eggar', '0000-00-00 00:00:00', '470-21-9744', 'meggar4@phoca.cz', '$2a$04$LTSmmjWzwksYcZylMp/CauKnYI.0MoaZZArj8J791dZT.GmTloYsu', 1),
(6, 'Findley', 'Longland', '0000-00-00 00:00:00', '703-79-3162', 'flongland5@sourceforge.net', '$2a$04$2UKhSXsHkyb27iik.praj.fNZRTzXWxJccKIpV4bLxoNGQfoav5mu', 1),
(7, 'Nap', 'Toxell', '0000-00-00 00:00:00', '757-28-9933', 'ntoxell6@admin.ch', '$2a$04$DDxfzoAGVmn4iCG3kdqv9uPuqPWyHqq7kXw46jI/RygO5qIJfta9W', 1),
(8, 'Mara', 'Ibell', '0000-00-00 00:00:00', '456-60-1266', 'mibell7@yandex.ru', '$2a$04$KevFNCUmR7eiMTx7JIryCuuhE74Sg9LxBkSK/g46NoDrMvbQb3w7m', 1),
(9, 'Meagan', 'Overbury', '0000-00-00 00:00:00', '602-75-8908', 'moverbury8@time.com', '$2a$04$kiXrwTIEnlJW.NTWNP49Re90oF9niEBDp5Mi.VQjrYQuJUyikH4aC', 1),
(10, 'Laurence', 'Wren', '0000-00-00 00:00:00', '463-87-5244', 'lwren9@cmu.edu', '$2a$04$d30hkj.GkeVCjirAPrj2E.SQiX/t9phRcEYGzQJPT9SW8jKr8DjaO', 1),
(11, 'Salomone', 'McBrearty', '0000-00-00 00:00:00', '403-29-9844', 'smcbreartya@dropbox.com', '$2a$04$4qhEndfdULwXlE4mdiPVBeGtDul3.2in7YEqPTnJVh4dWZ6FYRbjS', 1),
(12, 'Mycah', 'Tinner', '0000-00-00 00:00:00', '223-13-3684', 'mtinnerb@example.com', '$2a$04$jUybVJanZL0rLwhWGnKU/ORGbyftQwhq5qvQsKcUcwOJtRau/7Yl.', 1),
(13, 'Leta', 'Currie', '0000-00-00 00:00:00', '559-85-1481', 'lcurriec@naver.com', '$2a$04$qD/q62/eR8YxzZVhi0ZgIu0Z0tuai827i1.aC3Z7ovEPiYQwumT96', 1),
(14, 'Serge', 'Keveren', '0000-00-00 00:00:00', '720-41-7993', 'skeverend@un.org', '$2a$04$eH.s/7.k03FznB6HitVmBuKrHRgBEd8uQGQcTOktrT/RX4WD3tbmq', 1),
(15, 'Friederike', 'Farrear', '0000-00-00 00:00:00', '181-39-1823', 'ffarreare@ezinearticles.com', '$2a$04$qcMKM7hybyt5qf4L193of.A9FfQneOFuYg6pQSzY1pmOX4zi7qc2K', 1),
(16, 'Aland', 'Lanfranconi', '0000-00-00 00:00:00', '560-64-2964', 'alanfranconif@intel.com', '$2a$04$2CBEOOUop74L4l9qwAvyCuQ48lBh8hDH.E9INq4l4grSkkTKR2KCi', 1),
(17, 'Orv', 'Egglestone', '0000-00-00 00:00:00', '217-02-3440', 'oegglestoneg@jugem.jp', '$2a$04$VyiSYxzRGVBTqwqhoCNOhOPFAqUa5yeTvuGNb3asmO9D.d4dFmW42', 1),
(18, 'Stacy', 'Learned', '0000-00-00 00:00:00', '104-11-0057', 'slearnedh@sphinn.com', '$2a$04$d576QR0f2alVqst2g5J0Ze1rko93R4taKkx/h6gNytDz6QGEo4cpm', 1),
(19, 'Jaine', 'Waring', '0000-00-00 00:00:00', '558-60-0185', 'jwaringi@smugmug.com', '$2a$04$IM2OBU8PmTDQ1tk5oOxBQOWiqn1AvDYR3tifC5MLU7eiKm30wQR7y', 1),
(20, 'Michale', 'Greengrass', '0000-00-00 00:00:00', '245-39-5866', 'mgreengrassj@twitpic.com', '$2a$04$590vURWrhYWv55RCugB3ZOdGQxDsy6Nx0GSCW1TYz1v9/xWBe1/YG', 1),
(21, 'Taddeusz', 'Langmuir', '0000-00-00 00:00:00', '764-63-2509', 'tlangmuirk@a8.net', '$2a$04$9RLXzHWDkMoQGooZjO6oqeCgl4mf.acxRHNK8k5CxSF5YzRF8Ylfa', 1),
(22, 'Caryl', 'Ramstead', '0000-00-00 00:00:00', '505-61-1913', 'cramsteadl@yellowbook.com', '$2a$04$yq9fwJsnS1N5FgznN4YEaOJ/KGfQAtXPPW95TZlsw9to4zrgXW51O', 1),
(23, 'Erda', 'Lassell', '0000-00-00 00:00:00', '474-45-4758', 'elassellm@shutterfly.com', '$2a$04$kPKZTVypP0IeSYLZ1RradeJSvW50fyr790Bql0DU2AV7e5aAFO6xu', 1),
(24, 'Fleming', 'Nealand', '0000-00-00 00:00:00', '830-67-1990', 'fnealandn@omniture.com', '$2a$04$9oQTka12GngfGFF6/gyh.eXu1M3aJIHtB0I8cW5KNva7KkSpe1S1W', 1),
(25, 'Tremayne', 'Calwell', '0000-00-00 00:00:00', '198-51-2895', 'tcalwello@technorati.com', '$2a$04$ee1ZPAhKqU4EFMLiBpH/WO3Ab5JDOQRULUD/DxEuyhHkD7.EV6wGu', 1),
(26, 'Niles', 'Djekovic', '0000-00-00 00:00:00', '590-18-5915', 'ndjekovicp@elpais.com', '$2a$04$jiUtCabrkMiJ2bEMvyDtpu3TVAWpkmEUyNQQa8Qz1cL0b25Syd2pm', 1),
(27, 'Marita', 'Harcarse', '0000-00-00 00:00:00', '301-33-1719', 'mharcarseq@ow.ly', '$2a$04$.C3aTlCncz/Rbz2uRGbEwe32P9asX1FinBQCnQ0wp/OZBGLxjfcoO', 1),
(28, 'Deedee', 'Eastby', '0000-00-00 00:00:00', '704-84-2340', 'deastbyr@example.com', '$2a$04$ydZKlHxPnZFvAH34qOY/MOC9T3RHGYAEIyhgpp3J12fMPFnCIWtVO', 1),
(29, 'Em', 'Thandi', '0000-00-00 00:00:00', '373-72-0427', 'ethandis@blogs.com', '$2a$04$MNK1LV4yk26WLFZB7pYRAOrXjrV4QYY9v2egizK7SMw5VYkVXd/oS', 1),
(30, 'Frederique', 'Ventura', '0000-00-00 00:00:00', '250-86-0352', 'fventurat@altervista.org', '$2a$04$DXoO2u2.dapkW7f0j4biU.dNpJJiePJlvoQUfTSQGJcMYbMRynL.C', 1),
(31, 'Adan', 'Plewes', '0000-00-00 00:00:00', '547-14-3154', 'aplewesu@usnews.com', '$2a$04$WqM2UdR4BAbvp5ZdpK8F/e3EH7s1BVO1vme6k8om84aWWhmdAK9Uy', 1),
(32, 'Danica', 'Lowden', '0000-00-00 00:00:00', '634-43-9100', 'dlowdenv@ted.com', '$2a$04$fXNJfQhegPHPG8LcVu0sC.rKW46OwU.IQLWZaej3A2JBjSfSLWfMa', 1),
(33, 'Irvine', 'Letty', '0000-00-00 00:00:00', '540-99-7798', 'ilettyw@shinystat.com', '$2a$04$.vIh6uEKJWaEqQX58eJEyu3k4hEAyx0Yov6RCy7O1uZHpTQUKRFAG', 1),
(34, 'Lindie', 'Brayley', '0000-00-00 00:00:00', '764-07-5915', 'lbrayleyx@msn.com', '$2a$04$AicGPCHXZO.bU//8jXanQO1vVdh3s8VQHdT8kgZ1wYCdK9SaGEXKm', 1),
(35, 'Kristine', 'Clapison', '0000-00-00 00:00:00', '126-90-9006', 'kclapisony@wikispaces.com', '$2a$04$YleI7mtK.hIYyhuXymba2.xXRIjbXRhOQ1nIOf/oIY.0TC99WUiwm', 1),
(36, 'Alisha', 'Godball', '0000-00-00 00:00:00', '677-72-0743', 'agodballz@oracle.com', '$2a$04$L3qhk3finoK1M6W7FQGaO.2JV93n/8huDukHYStfRJoTZvlKStwtm', 1),
(37, 'Kathi', 'Plews', '0000-00-00 00:00:00', '228-96-1370', 'kplews10@elpais.com', '$2a$04$CIeUSgCHKIJ8PDvnErHVbucjpTZ3ouT3yZIP7ZMPY98FrzJdxcvO.', 1),
(38, 'Jayme', 'Dunphy', '0000-00-00 00:00:00', '888-22-6365', 'jdunphy11@51.la', '$2a$04$XTjrqnf3WiomFtpGFINJxeMvgyN.bTsL1uoSlMDVBz3nmuPgjzX0u', 1),
(39, 'Cleavland', 'Beatens', '0000-00-00 00:00:00', '347-57-8885', 'cbeatens12@shutterfly.com', '$2a$04$KB4cwxlYFBj0jHC.hmLZpuaTfNzaPG7U7xt42RR5OIeAfTnElM9le', 1),
(40, 'Marta', 'O\'Gorman', '0000-00-00 00:00:00', '743-80-0161', 'mogorman13@spiegel.de', '$2a$04$VeQBc.IFYPDbpIIu4Yc1yO3rD64omHqD/SjVamjM7SH9x5t4gEWwa', 1),
(41, 'Corly', 'Welfair', '0000-00-00 00:00:00', '175-29-0845', 'cwelfair14@addtoany.com', '$2a$04$BME2t5h8/5eAmEU7BHzO7.zZ.WsG8reNj7cy1oUSC09MQ1LLIsKs2', 1),
(42, 'Corrina', 'MacRirie', '0000-00-00 00:00:00', '196-61-1277', 'cmacririe15@spiegel.de', '$2a$04$MO51.TFYDFCJE8X.4BOWt.kB.2vGVLUKyrhEL/4MslsQSMIt6MdQm', 1),
(43, 'Erwin', 'Southall', '0000-00-00 00:00:00', '139-97-7972', 'esouthall16@census.gov', '$2a$04$QCvf5vDup/xKSTaeFd..xeJCikPZa1ld78Dx8zUheSP8sr2ag3KOa', 1),
(44, 'Eldredge', 'Pierrepoint', '0000-00-00 00:00:00', '328-82-4594', 'epierrepoint17@tripadvisor.com', '$2a$04$SVJKAQ81tRJWs9CZjBOnaepFijJGkr9q5H/krrzTpfyrdpP9K242G', 1),
(45, 'Gavrielle', 'Rickword', '0000-00-00 00:00:00', '365-49-9558', 'grickword18@360.cn', '$2a$04$2jUkY/twkJ.t.2s/OWujHeWtYcn0gnT2uAyE5hWsCLyvUPOm0XBma', 1),
(46, 'Marcela', 'Laba', '0000-00-00 00:00:00', '358-22-1699', 'mlaba19@stumbleupon.com', '$2a$04$ODAtX2z0tmYTNkSjGiuvyuPLGYeqcsnEv0aa28bBCY1baTz2q61ru', 1),
(47, 'Dewain', 'Arber', '0000-00-00 00:00:00', '393-79-1754', 'darber1a@networkadvertising.org', '$2a$04$vByngPh0HwabEgE47kPvmu2b5HQ0h0rg37dyIJ8znP5VRvswy5vPu', 1),
(48, 'Andria', 'Yeandel', '0000-00-00 00:00:00', '815-57-2297', 'ayeandel1b@addtoany.com', '$2a$04$LmyfPTg6dZvyuQPafSbzKOxM5k9I6.4/AQA/IYL2ag40iClf0eV6C', 1),
(49, 'Jenda', 'Kastel', '0000-00-00 00:00:00', '597-66-9146', 'jkastel1c@accuweather.com', '$2a$04$0lrAlsnTHl7kJUSbwtxcJOGfUsDxwxu.wQewM5TavEQnQ30FsAXp6', 1),
(50, 'Philipa', 'Beldham', '0000-00-00 00:00:00', '432-79-8002', 'pbeldham1d@google.pl', '$2a$04$Y1ieM.P8NmvGCuO9RKKlHu6ksPP8wnSnaCV/9OFiLp423Plhwf0Om', 1),
(51, 'Shurwood', 'Quantick', '0000-00-00 00:00:00', '743-16-5398', 'squantick1e@people.com.cn', '$2a$04$F1tDPuXzh5O8OH1zWyLI0OuyL8/Tvgmo/7fHkP/Vw7ViYyTfLCB82', 1),
(52, 'Eleanore', 'McMichan', '0000-00-00 00:00:00', '456-45-9176', 'emcmichan1f@skyrock.com', '$2a$04$29GlI7BfY2sXSJ/02fTaY.hHXkz.hgITUSzOmbdQ8pRQKs0PbyRYW', 1),
(53, 'Aldwin', 'Philpots', '0000-00-00 00:00:00', '741-09-1929', 'aphilpots1g@biblegateway.com', '$2a$04$S5cGG1t0G1wZNlIyUiae8.XT8IAtG9NNb80no5EE2y5Xg35DsSn.y', 1),
(54, 'Pepita', 'Eddowes', '0000-00-00 00:00:00', '387-88-9065', 'peddowes1h@state.gov', '$2a$04$m1zJvyTk8VEp5NzQQjU8/efmnT1B23SAbu5WcuOKDdMX/5wVBmVKu', 1),
(55, 'Lanita', 'Storrock', '0000-00-00 00:00:00', '575-57-7275', 'lstorrock1i@smh.com.au', '$2a$04$/kPTWjJMQeC1PI6pFzcuOeY4uFP0ZmTGjShigUMhTnTjz0GOfrx36', 1),
(56, 'Jaclyn', 'Fradgley', '0000-00-00 00:00:00', '304-52-8870', 'jfradgley1j@ibm.com', '$2a$04$Mw4G2QEEBLNweFjB58xjmuZCLir/FGX.RrxZWZ8tkeOnXv2gPPSqq', 1),
(57, 'Mordecai', 'Hargroves', '0000-00-00 00:00:00', '348-29-2191', 'mhargroves1k@scribd.com', '$2a$04$cbVpIfugmbyKrp7sz9QAPeZbXJwzG0L.kLaVEyQKN/UkN84YyYv2e', 1),
(58, 'Dane', 'De Angelo', '0000-00-00 00:00:00', '837-25-4982', 'ddeangelo1l@kickstarter.com', '$2a$04$dh3N3pjlnOtlAhEOBqllRuzy.b9kfUWctn6liNkzUj6O97E1htN3C', 1),
(59, 'Sharleen', 'Leaburn', '0000-00-00 00:00:00', '229-65-9588', 'sleaburn1m@indiegogo.com', '$2a$04$lxw9W4kPqzXjKckBsjLfuOiAvzrMjFD5mBMiWmEYOSLgQRBIwRfOa', 1),
(60, 'Connor', 'St Quenin', '0000-00-00 00:00:00', '682-55-4509', 'cstquenin1n@typepad.com', '$2a$04$FTcr95hmo8zRFN1..x48xu7YQZ6SxQreiVgalSydwh3yLd/Fe14XW', 1),
(61, 'Dolli', 'Teesdale', '0000-00-00 00:00:00', '199-98-6347', 'dteesdale1o@hugedomains.com', '$2a$04$AqYShBMPZYWwKUel2rnUYOgT1eFBDv7IkMOkHaY2So4GV7nbnnS/6', 1),
(62, 'Goran', 'Mannix', '0000-00-00 00:00:00', '788-88-8829', 'gmannix1p@reverbnation.com', '$2a$04$oKiE/Gb6XoOCq3Am.t3nOuO3Kh9BFcKnfNkbMF/hTm8.MGrpmpKyS', 1),
(63, 'Demetri', 'Imort', '0000-00-00 00:00:00', '844-03-7510', 'dimort1q@si.edu', '$2a$04$VKPLkmbSsjGBtUdYxTAZ9uw039yDxqYN0qOldj.ZfTSL3BAsuO3W.', 1),
(64, 'Ali', 'Dethloff', '0000-00-00 00:00:00', '820-45-4082', 'adethloff1r@statcounter.com', '$2a$04$VzU4o2LLKui6tMFZAtRFV.1uPpf/GsUBQlt2a9bE4G9U.ltvlFNjK', 1),
(65, 'Benn', 'Parkman', '0000-00-00 00:00:00', '312-65-8116', 'bparkman1s@xinhuanet.com', '$2a$04$WS8bHGQHIk0MS49Z19CLgudNrSKqAyj.TROKLuRHP15EdwJTtvYhC', 1),
(66, 'Ahmad', 'Schoenfisch', '0000-00-00 00:00:00', '302-95-2887', 'aschoenfisch1t@army.mil', '$2a$04$uPvHcNVkOiqruHkIIcHJDOZ2HoP14Bzri9OTiZWrGWjxOFBKT/P8K', 1),
(67, 'Karisa', 'Horlick', '0000-00-00 00:00:00', '136-63-4488', 'khorlick1u@foxnews.com', '$2a$04$O59J9Q6XY6QUoJOFZCkwt.AWvhgWpLxxKJmyZ1CHBnfnLwJaMcKQ6', 1),
(68, 'Dimitry', 'Eakle', '0000-00-00 00:00:00', '183-98-6415', 'deakle1v@pagesperso-orange.fr', '$2a$04$C6KrTJdJK7wsHDzq2y/4D.gvvGaTZtUmwu4vpyvSCRP5/3Bp4zdsW', 1),
(69, 'Matt', 'Wenger', '0000-00-00 00:00:00', '599-48-2689', 'mwenger1w@chicagotribune.com', '$2a$04$i1u8hnPB8kQZkIB0d33tBeTAOfW7Qp5TSbf5qWoOAnVxe21QRUIQK', 1),
(70, 'Husein', 'Santo', '0000-00-00 00:00:00', '305-97-9827', 'hsanto1x@engadget.com', '$2a$04$nBlrFiaXLyM/jw4AOJj6ZOk/8MLSw1Xp5EvR2GEUPgn3a5SG4DYiG', 1),
(71, 'Ardys', 'Lorant', '0000-00-00 00:00:00', '195-38-3642', 'alorant1y@indiatimes.com', '$2a$04$p38Ze6JV.PYYo/dDfYN.eOyQ.naawdjFypjorNxMDi9XSpeDZIfQO', 1),
(72, 'Franky', 'Sutherel', '0000-00-00 00:00:00', '652-99-7485', 'fsutherel1z@rediff.com', '$2a$04$JUg3K2Ll5WCnendsCOrURu8siHeLOk4vhCMbvHsIjf2ZjMMQx9EZS', 1),
(73, 'Bourke', 'Westhead', '0000-00-00 00:00:00', '143-97-3936', 'bwesthead20@jigsy.com', '$2a$04$VAv8PfqZ6HwCBpHOyw9GFe8EsCTpx6WXXfS1GTU1hcderyIGEEroq', 1),
(74, 'Eada', 'Luebbert', '0000-00-00 00:00:00', '679-10-1151', 'eluebbert21@homestead.com', '$2a$04$E8Qv2z7zOs1f6lwdGCRmxe6st2t/12cnQaPhKRxRIvkfz4yFxglbq', 1),
(75, 'Skipper', 'Crufts', '0000-00-00 00:00:00', '639-27-9945', 'scrufts22@ftc.gov', '$2a$04$CWdm52Ff4jrDERXjiGP33O/hIMxRksC4xewwiYGt/TG5YXbNBQHHa', 1),
(76, 'Sophia', 'Moles', '0000-00-00 00:00:00', '743-78-3598', 'smoles23@nps.gov', '$2a$04$uQTfUQL8PMBKjlRQb2tPmu7WA33GhjgwlPRqlc9qO9Zk/zcStHMES', 1),
(77, 'Morena', 'Alcott', '0000-00-00 00:00:00', '739-04-6907', 'malcott24@tinyurl.com', '$2a$04$.tWrOPHUSLL.Kfzlm22VceTEmHvu1Je26ag/WXnYUz2L81LsBkv6.', 1),
(78, 'Darn', 'Koopman', '0000-00-00 00:00:00', '181-48-2320', 'dkoopman25@sun.com', '$2a$04$75pPlWgpYJHDg4fqbb2H5OHySaIqLh0QJTiR.Db/4CN.lPjfctoqK', 1),
(79, 'Desdemona', 'Dow', '0000-00-00 00:00:00', '123-64-7101', 'ddow26@admin.ch', '$2a$04$.FQhEo/dDSq2fP3X2cVZi.gcCHSKtjNl8oJMBJkfBGSgKJdWeQ/Cq', 1),
(80, 'Wallis', 'Lubman', '0000-00-00 00:00:00', '413-33-3891', 'wlubman27@cbslocal.com', '$2a$04$/K9p44C/bfKqGi1kg0soO.9tDAL2Yk9bMF5t4e.H8YiRBmS6/WApO', 1),
(81, 'Yorgo', 'Willbraham', '0000-00-00 00:00:00', '605-90-6555', 'ywillbraham28@blinklist.com', '$2a$04$8LIiYWDengiQ7Y6DPCaJZ.P4pXgeFPuBWaO0Cv4FxiswKytQMjY0e', 1),
(82, 'Edgardo', 'Abbado', '0000-00-00 00:00:00', '845-87-0888', 'eabbado29@de.vu', '$2a$04$Ey8GYLRzC/wvmBTQo5VuhetBatYsBqJMPAqvlAMclBlU4xzCA0Jp.', 1),
(83, 'Donalt', 'Kirtlan', '0000-00-00 00:00:00', '297-25-6265', 'dkirtlan2a@github.com', '$2a$04$yWkf0GVJTYhtLsx0.aq4QOCIvGcthwmaIn43ayp98h22eVejrLKoK', 1),
(84, 'Kelwin', 'Healings', '0000-00-00 00:00:00', '545-21-4950', 'khealings2b@macromedia.com', '$2a$04$zpyJJfQGzROv1aUjVv4.JO2zFcHNZ/nhWQdVjOY17/n4Lyvrd5Bse', 1),
(85, 'Dorolice', 'Nozzolii', '0000-00-00 00:00:00', '488-42-3949', 'dnozzolii2c@theatlantic.com', '$2a$04$zGT7zSkkCFXlcTFK4szEGekadEbeKYGBtB7vlqrNG77HflU/jrwLe', 1),
(86, 'Morten', 'Ricard', '0000-00-00 00:00:00', '707-32-4688', 'mricard2d@cyberchimps.com', '$2a$04$ZeRPsaPREJoDnz6xuexsdO5nMRMyVKfTQim6cCWjPgF.u3L5w1loK', 1),
(87, 'Karmen', 'Sogg', '0000-00-00 00:00:00', '789-29-1503', 'ksogg2e@ft.com', '$2a$04$Yayglv4MsafulLn9nbmtAuzBF1b5AmSBg.AqIe2pINZLhe.luiPUW', 1),
(88, 'Averil', 'Weale', '0000-00-00 00:00:00', '771-65-2041', 'aweale2f@geocities.com', '$2a$04$bDV4qhGmwKKI7ZfBSpxCXe/.N/UdcAXjwB8ejuwOJpoH56XDpdn4u', 1),
(89, 'Harvey', 'Gero', '0000-00-00 00:00:00', '383-39-5460', 'hgero2g@globo.com', '$2a$04$4t7HD1xr1TRJJQi7Qr4ExuGZWGYih9Vf2zso7jNWedebS8Yn96oIG', 1),
(90, 'Sherman', 'Lambarth', '0000-00-00 00:00:00', '142-72-8383', 'slambarth2h@imgur.com', '$2a$04$Oo2shY9av/zKPQD22OAkLuxbczxQG6qrtm0KpyTI4XQxOHQWv9n5C', 1),
(91, 'Darnell', 'Noore', '0000-00-00 00:00:00', '694-34-5532', 'dnoore2i@usatoday.com', '$2a$04$H/sDsBt2V2i04XMDKaVtGeq1TCCX2byl1PD5sjc6D6NxdoQSySFk2', 1),
(92, 'Elaina', 'Zuann', '0000-00-00 00:00:00', '888-49-1334', 'ezuann2j@eepurl.com', '$2a$04$r7H7ru8DDPLOdllSP8wu8O6xn6m2GHa59oDCTDwNgXHjhyU8rJdRq', 1),
(93, 'Boy', 'Baudinot', '0000-00-00 00:00:00', '238-88-7207', 'bbaudinot2k@yale.edu', '$2a$04$Of3Xr7QcHExaDAJzK/UiGuikEkUPDMtF63345SlkNejAT2uLT.eHa', 1),
(94, 'Rupert', 'Younglove', '0000-00-00 00:00:00', '607-20-5154', 'ryounglove2l@sfgate.com', '$2a$04$Pmf.gco2wwSpMOFTnszXteNAjtbeJ37VWsTyCE/Dg4nuf0R4Y5ivS', 1),
(95, 'Cherye', 'Possek', '0000-00-00 00:00:00', '679-51-2023', 'cpossek2m@1688.com', '$2a$04$RfwVexUgOKhiTWEWB/ibUuny1y.a919Y0qgc/3LY.xnQXcDm2wzJy', 1),
(96, 'Aleda', 'Elliman', '0000-00-00 00:00:00', '449-64-0744', 'aelliman2n@yale.edu', '$2a$04$wfbDnWgzgppm6U8YDqYag.7Ae8GQuKh7eXaXNDMC9M.DN/RORDIbW', 1),
(97, 'Lamont', 'Tooley', '0000-00-00 00:00:00', '745-80-1216', 'ltooley2o@plala.or.jp', '$2a$04$815Yj7eT0m6OkoG0U0xiHO0nvraAqQBY/1.yLqU8mqC0/KSbKTjy6', 1),
(98, 'Juditha', 'Sawter', '0000-00-00 00:00:00', '862-67-4725', 'jsawter2p@hao123.com', '$2a$04$PeN6oG.KUN3Yb9FSWMOO/uhC0H9.9wIMXQBBXW5daPbm00afodn7.', 1),
(99, 'Dasya', 'Buffery', '0000-00-00 00:00:00', '566-49-1497', 'dbuffery2q@trellian.com', '$2a$04$S0MwUbJjaUd8LwoBNE8f0OMXghbTtzz/uHmhLNzFrLHhqeJSOz4J.', 1),
(100, 'Sherline', 'Rushbrooke', '0000-00-00 00:00:00', '766-68-9181', 'srushbrooke2r@columbia.edu', '$2a$04$WdLoWeHU.pRtXp.//OwQ7Oci.W7dfpNr1Mlzq6pkslvAC2LgaCKza', 1),
(101, 'Lesley', 'Bessell', '0000-00-00 00:00:00', '187-12-3810', 'lbessell2s@technorati.com', '$2a$04$AP6gDklARmsCsJYJE2xIT.sNI44DDswHTyfvk3vONDJsMETeW288G', 1),
(102, 'Dorice', 'Clarey', '0000-00-00 00:00:00', '534-05-2655', 'dclarey2t@bravesites.com', '$2a$04$1EZm1.eBNeXMDbBs58RYDelx5R.OU2NnASbZB/ic9Wr2T7/wC6QRC', 1),
(103, 'Trix', 'Madre', '0000-00-00 00:00:00', '738-82-1424', 'tmadre2u@weibo.com', '$2a$04$xV0axxFWgoSdCbhAEemMWeT72.xEO01lFDILNeKn8e9DPMHPCfjjG', 1),
(104, 'Titos', 'Esmead', '0000-00-00 00:00:00', '882-72-4612', 'tesmead2v@illinois.edu', '$2a$04$vOFSRMJOTPCe9r3VCyVIOeEZwSHBh2RNkozaLARwue7HBhwNJv30S', 1),
(105, 'Priscella', 'Gowry', '0000-00-00 00:00:00', '616-86-9712', 'pgowry2w@google.com.au', '$2a$04$0OWrHyf0zJSnq1ERVHg76.UaaEk6O0NrAePgOR.ryUXwsN2eXu9XO', 1),
(106, 'Rafa', 'MacKeever', '0000-00-00 00:00:00', '305-85-0729', 'rmackeever2x@elpais.com', '$2a$04$LQnXK0l5kkxfG0u27sHDp.h1/CRufFaxdBCATQSTDGlgjUBvGCjFu', 1),
(107, 'Alika', 'Clausen-Thue', '0000-00-00 00:00:00', '348-23-2110', 'aclausenthue2y@google.es', '$2a$04$ZOR4ma9mD5E0u.Aq4ZVAUuMtKIbCPjmbjji80FD9BdDr8puInuj/u', 1),
(108, 'Shela', 'Pinsent', '0000-00-00 00:00:00', '580-13-4232', 'spinsent2z@goo.ne.jp', '$2a$04$2/xl8iHuXz7EUyp7RVdnU.Cb6X.EgsTMo3j7TxcSyLsjgscCS5Yee', 1),
(109, 'Hartwell', 'Everly', '0000-00-00 00:00:00', '699-59-9103', 'heverly30@naver.com', '$2a$04$BSEqBMDcvg2yeQyYFWLP9uPB/K6M6IGOXk7bE2zl0TT95GafHM.dW', 1),
(110, 'Leanor', 'Tutt', '0000-00-00 00:00:00', '380-76-6399', 'ltutt31@hugedomains.com', '$2a$04$jp21MezQ9bZk3CjY6pbPCe25FSFrQMrHYWq5pnLznfv8xZlxxSdfK', 1),
(111, 'Freddy', 'Carillo', '0000-00-00 00:00:00', '896-31-3514', 'fcarillo32@bbb.org', '$2a$04$zAo7Vmz/iHTC.dX5fGWc1uDHf0Gi8n4a5Ee5AtzRZh0W7Pn1mZ/gu', 1),
(112, 'Reginald', 'Crowcher', '0000-00-00 00:00:00', '535-14-5818', 'rcrowcher33@pen.io', '$2a$04$Uh.p/ydtaqYUVdhrMx8Kpul6tU1wNP9FxnShRScNSHEqyM1lQ8Ol2', 1),
(113, 'Neilla', 'Jordeson', '0000-00-00 00:00:00', '133-11-8259', 'njordeson34@google.fr', '$2a$04$7Dsj/RS8NyHDJc3HKm./ke35jOpT.biKhHgO5Z1BHdVZM0QWNOQJi', 1),
(114, 'Gavin', 'Shambrooke', '0000-00-00 00:00:00', '116-77-5461', 'gshambrooke35@ibm.com', '$2a$04$gglhrtTfk1J1IDFDPffeDu9SkHeYFB6kaJFA6/GQxrz6KPiVXVtJq', 1),
(115, 'Forbes', 'Girauld', '0000-00-00 00:00:00', '681-95-7791', 'fgirauld36@indiatimes.com', '$2a$04$sx2Mc0nB2nIZoivQ6outIOc4ljRgy/lSgIAHcwgFSDDRdBWS3fRsO', 1),
(116, 'Nevsa', 'Adelman', '0000-00-00 00:00:00', '388-39-8837', 'nadelman37@apache.org', '$2a$04$xFZIUgDvTlG/aTWR.sVFpeeSgcgMktWhu7htQa9C.aGhyOtoJaG0i', 1),
(117, 'Tanya', 'Course', '0000-00-00 00:00:00', '668-39-2365', 'tcourse38@chron.com', '$2a$04$qp7uk4FBtcdjk9RZCwkCHOJ5Dk4XQlV0yxj9J9KdDRfXr36cBrXBe', 1),
(118, 'Bevin', 'Birdwhistell', '0000-00-00 00:00:00', '353-66-1855', 'bbirdwhistell39@cdc.gov', '$2a$04$WAVW5cJrXYHOIvWQBvANIe2YSxOC1OADm5uLlIFEUaBcpe8njSrYC', 1),
(119, 'Debbi', 'Brumbye', '0000-00-00 00:00:00', '147-41-5453', 'dbrumbye3a@independent.co.uk', '$2a$04$trgUADH8oA98vZyykxpCuOy/7ranRZhn1DNFfJcsmSW8yuI46fEEe', 1),
(120, 'Leia', 'Lundie', '0000-00-00 00:00:00', '214-62-6391', 'llundie3b@51.la', '$2a$04$pZBlwYnyF2465mJJApwFpePDJCR1kJEMIwxGj47ivRNgd8U8fwrwu', 1),
(121, 'Georges', 'Aberdein', '0000-00-00 00:00:00', '488-64-9365', 'gaberdein3c@spotify.com', '$2a$04$SOqAMhAVNe6f7w26yUD55O550dAxBT.A.wSP7jGaEV2xU54V8UX6e', 1),
(122, 'Marv', 'Titcom', '0000-00-00 00:00:00', '763-03-0660', 'mtitcom3d@paypal.com', '$2a$04$DvFiRlp9A7WdJwVQKDA07.cuCxKZwDvQl5jQ//zqokkFNSbW32cpu', 1),
(123, 'Iorgos', 'Wyllis', '0000-00-00 00:00:00', '657-10-4160', 'iwyllis3e@over-blog.com', '$2a$04$gWiHUNl6WBsEldOskkT4H.tKcfq7j7X/VAAnLHwlYBAiNdHT.ttbC', 1),
(124, 'Hendrick', 'Liquorish', '0000-00-00 00:00:00', '679-67-0006', 'hliquorish3f@princeton.edu', '$2a$04$FZrXmnehamrIbUhLbHoveu/WhngmyryYRlbaRoAfUYIDFjClHuB/C', 1),
(125, 'Abagael', 'Deverille', '0000-00-00 00:00:00', '560-67-8573', 'adeverille3g@xrea.com', '$2a$04$lwntxhkr4dpz3mXLVELl0eKHbaF7I6GnW1iwNfQfggoKtto.3SfNW', 1),
(126, 'Edan', 'Tift', '0000-00-00 00:00:00', '651-77-1546', 'etift3h@bloglines.com', '$2a$04$LbNSCXm0RrKx.LtvddSHsefDMF7lA3kaIIjCwO902vlsS/CQRY4CC', 1),
(127, 'Steven', 'Pixton', '0000-00-00 00:00:00', '883-66-1681', 'spixton3i@foxnews.com', '$2a$04$R7Xf0KEIR90Zu5DEh4feWOvAIUKT0U/qxoieKRwBEYg.AwsFtW2mq', 1),
(128, 'Elset', 'Suggate', '0000-00-00 00:00:00', '717-21-1145', 'esuggate3j@friendfeed.com', '$2a$04$q0vr1XAEgbgJDy7RcwWr9OoQ3VUwwUQBgFeqI8OGWq2C7iZzPa43O', 1),
(129, 'Annabell', 'Bartrap', '0000-00-00 00:00:00', '428-28-5730', 'abartrap3k@army.mil', '$2a$04$FllCv4XAzoFCJ57SljfUIeiTLN.97WgaoHOLvyPUv8hmSFC3HYrje', 1),
(130, 'Bibbye', 'Fernie', '0000-00-00 00:00:00', '399-37-7893', 'bfernie3l@is.gd', '$2a$04$vcWc5N2GIZTEhPLrgXcus.48xI7AfeJt0Fv3c6ZsnSggdmPTBLjQ.', 1),
(131, 'Hagan', 'Lovejoy', '0000-00-00 00:00:00', '739-45-9038', 'hlovejoy3m@yahoo.co.jp', '$2a$04$g4Hoo4mOvowDnaUWRZDQvuGpXFS0erTA9cyqzzzBbQ6Hqx95Hxgm2', 1),
(132, 'Arlie', 'Fonteyne', '0000-00-00 00:00:00', '728-70-9090', 'afonteyne3n@ask.com', '$2a$04$CZiqYvZupoci6Wh5qrLMMe7g6kuyYg2Iu/0L0PJrQhQqqzHm/TQkC', 1),
(133, 'Opaline', 'Steere', '0000-00-00 00:00:00', '153-75-8123', 'osteere3o@gizmodo.com', '$2a$04$YcVBsuYrnRpC89B9qqHJpONJHBAFEi.VgzQPutReqGoDFQsIZ0L8.', 1),
(134, 'Tyler', 'Cowey', '0000-00-00 00:00:00', '261-53-8858', 'tcowey3p@sogou.com', '$2a$04$OsQJfzzeTVif56GBRfTG6eClb0QDw/TxfuaFilAhcrtyBLo8sOOO6', 1),
(135, 'Monah', 'Klaffs', '0000-00-00 00:00:00', '674-52-7619', 'mklaffs3q@guardian.co.uk', '$2a$04$s2rmh9LwSbHAAqwtv9C2pus3o7zlQnmP9MX72UBjAA6Nm5Q5VrVBq', 1),
(136, 'Charlena', 'Stot', '0000-00-00 00:00:00', '254-67-7418', 'cstot3r@google.pl', '$2a$04$sYM4WOedVbATF9ElCXISG.OdqIUDA5IxRuEOK7J1KVA9GQJheeIO6', 1),
(137, 'Valma', 'Essery', '0000-00-00 00:00:00', '251-51-4885', 'vessery3s@mac.com', '$2a$04$6jxzdO6PnsjtphqHAP33o.ZWPL0JADIK4DPR.m1H8JKYPnNwko5J2', 1),
(138, 'Huberto', 'Caltun', '0000-00-00 00:00:00', '175-58-3581', 'hcaltun3t@answers.com', '$2a$04$MMIszErhks0eTbXaMia2JujdN0BBxG7FhRc1YMf33SelBpXpvAD2y', 1),
(139, 'Cinnamon', 'Umbers', '0000-00-00 00:00:00', '344-55-9022', 'cumbers3u@apache.org', '$2a$04$by7pCE1eH1WdjJyrCCV..uCJOcKOHHPe.Z1izoDPN7Qt/xZGqSlrq', 1),
(140, 'Armand', 'Danielsen', '0000-00-00 00:00:00', '407-83-6113', 'adanielsen3v@ox.ac.uk', '$2a$04$rL/.UPDL2yWyfF0m1g.2D.Eov2GIrWo4CbOqAHcRSskcP7IETqKrW', 1),
(141, 'Gayelord', 'Lathan', '0000-00-00 00:00:00', '111-38-6851', 'glathan3w@liveinternet.ru', '$2a$04$FG8wTcFIWF0p.B/MM1lfwuKwHFwdeb4HWmSQr8JE3H.iQH8x2RwJm', 1),
(142, 'Gherardo', 'Aers', '0000-00-00 00:00:00', '724-58-0343', 'gaers3x@plala.or.jp', '$2a$04$ghLUHAfeR8xy1MENK4bXm.91RMdNVLmK40wGRrLDcl8xaVGxqc1wC', 1),
(143, 'Melicent', 'Dunmuir', '0000-00-00 00:00:00', '331-35-0924', 'mdunmuir3y@sakura.ne.jp', '$2a$04$WnaewkzUKxe3e32b02q8beBNXoxOg53W8XHeOrlfOXT95XSxHU/na', 1),
(144, 'Tera', 'Knevet', '0000-00-00 00:00:00', '463-50-7889', 'tknevet3z@wordpress.org', '$2a$04$K7HLwSVUGEcF63eEGxu/fOpowzeqsEWhgKdcHOuzk5fyfbXIIH5K.', 1),
(145, 'Luise', 'Beardshall', '0000-00-00 00:00:00', '606-20-3806', 'lbeardshall40@unicef.org', '$2a$04$d8d2NsGO0r1TeJqOzuXAUuQ8pT.VgXaE2X7bmfGQH3DjIIJkJeF3G', 1),
(146, 'Morgun', 'Scrogges', '0000-00-00 00:00:00', '823-83-7457', 'mscrogges41@google.co.jp', '$2a$04$Ne5TetTAQZLLVAR5dLS8zuSNxBzS2k5C/v7SG.UNjFOj2T/.W5gme', 1),
(147, 'Drusie', 'Dowsey', '0000-00-00 00:00:00', '511-51-5459', 'ddowsey42@sourceforge.net', '$2a$04$897D0Z/Awh6iLHyywVzgsedCrTb/a.dhSFPQCpqMh4j9fe00y51pm', 1),
(148, 'Bess', 'Jellyman', '0000-00-00 00:00:00', '192-14-3760', 'bjellyman43@free.fr', '$2a$04$kM0rsz16c.r9naZRuDQqHe4UKZKIcnvYhELUN9S5Eh/YBy1LG0Q.e', 1),
(149, 'Neille', 'Tydd', '0000-00-00 00:00:00', '327-96-1446', 'ntydd44@wikispaces.com', '$2a$04$q1qu5OuqHNNehaXdFujnwesmlJznntjK97MXklRdaknzES4q3qgba', 1),
(150, 'Thatch', 'Malenfant', '0000-00-00 00:00:00', '555-76-2477', 'tmalenfant45@boston.com', '$2a$04$STMrCuZGmXAaE5qBOHKwZe613aVhH3lhmVq9Q/RCRkJB7I7N5zNU2', 1),
(151, 'Carling', 'Gimenez', '0000-00-00 00:00:00', '593-12-0821', 'cgimenez46@bloomberg.com', '$2a$04$Ic84I80KA51m2SMJxSSoS.z7dIrncTZNGZKJlWQeUbiN70iSDGIQC', 1),
(152, 'Berty', 'Bullivent', '0000-00-00 00:00:00', '384-08-4723', 'bbullivent47@sphinn.com', '$2a$04$Ujf.c/TR8/Sq4MwVqVttz.8aiQf774TUNpqKbZD2urFXDJvujM4GG', 1),
(153, 'Brittany', 'Dufaur', '0000-00-00 00:00:00', '210-25-0492', 'bdufaur48@wordpress.com', '$2a$04$Tn4OTjCFzGEGO4hbsmlxyO/QWG2K8c600rtp9i.sWkNAV72qPFB6y', 1),
(154, 'Harrie', 'Owen', '0000-00-00 00:00:00', '448-04-6530', 'howen49@blog.com', '$2a$04$s5wDCiOD12wf2uwISkxXeuPGYM2xvnP1/Ktgvrac4ORb.E25RxUra', 1),
(155, 'Nefen', 'Nemchinov', '0000-00-00 00:00:00', '768-98-5073', 'nnemchinov4a@boston.com', '$2a$04$DwSfaRo2H1WSXB8HNFDSnu6pf8DwXP2enL6Lok4.1DlOpkenUIUOq', 1),
(156, 'Glen', 'Andrelli', '0000-00-00 00:00:00', '812-79-5743', 'gandrelli4b@economist.com', '$2a$04$IDkdZc4vOTuLB0HtIKBmCuyqND4RNzbTyxlmBGREGYDmzvvVZYuFu', 1),
(157, 'Orville', 'Sandbrook', '0000-00-00 00:00:00', '556-42-8799', 'osandbrook4c@com.com', '$2a$04$yaf6CnBVycH/1O17jerAHedqh683vA58r.8oubycNTO.PmZson.g.', 1),
(158, 'Darcie', 'Eyam', '0000-00-00 00:00:00', '898-99-2157', 'deyam4d@marriott.com', '$2a$04$IXI8XrYdRlrISPNtgFVuNepi6nnx5vbC.P8XUZ5u2J36W8d53YGRi', 1),
(159, 'Gasper', 'Ainscough', '0000-00-00 00:00:00', '651-69-0495', 'gainscough4e@alexa.com', '$2a$04$.8/Q5G.igTYypm5K0Da2v.o18QJzioiZrwQE3RxniuWYnsWsZ2/Z6', 1),
(160, 'Loralee', 'Ciotto', '0000-00-00 00:00:00', '739-17-9186', 'lciotto4f@squidoo.com', '$2a$04$9gSd5ZynA5SFxYOguAa.bOSRDIwKMkao7dfyQ6E.tuVtvd2Q0R1ky', 1),
(161, 'Augustina', 'Lemon', '0000-00-00 00:00:00', '168-26-2775', 'alemon4g@google.co.jp', '$2a$04$8IaZ9lk3kQEoRbHZBZH/dOoHssem3Q2NfRRwao0fYjGU.WEmZXXYK', 1),
(162, 'Shaughn', 'Wieprecht', '0000-00-00 00:00:00', '822-39-3458', 'swieprecht4h@narod.ru', '$2a$04$5aY/xhqL4qdNgmunURv5BeVbg1Y3Z7wrK7cDJWR5aMi3ypIiUMhle', 1),
(163, 'Kerrin', 'O\'Shiels', '0000-00-00 00:00:00', '885-64-8735', 'koshiels4i@answers.com', '$2a$04$E5Xsxb3dG0ufD5wdBJ9aBux9KzmLv7WuUxOFkHE8ENYLtML3q/hme', 1),
(164, 'Milli', 'Legrice', '0000-00-00 00:00:00', '495-42-4502', 'mlegrice4j@multiply.com', '$2a$04$TjaKjKP33iegAdL5mfohvOrH7H/rPFaSNrgsc/dZb4Yi04duKmcne', 1),
(165, 'Josy', 'Curle', '0000-00-00 00:00:00', '415-25-2112', 'jcurle4k@nationalgeographic.com', '$2a$04$eQs44cjy5qtPkAwK9JLPmecxNd3RqiNdUSycb.I4Dt9qjHbn7gUtC', 1),
(166, 'Arline', 'Bostock', '0000-00-00 00:00:00', '817-98-5396', 'abostock4l@vk.com', '$2a$04$GDjCIzKngH.ItzZuKvq92.3Estv5YsGeGZbGUVc8Yp8We3XpDd35W', 1),
(167, 'Dahlia', 'Dark', '0000-00-00 00:00:00', '198-06-5849', 'ddark4m@tinypic.com', '$2a$04$3fpMd/0hw4dxrJipWlmFoualH2KLBKj4Sajck7HaMJSkZwH7Dqhaa', 1),
(168, 'Reinhard', 'Freebury', '0000-00-00 00:00:00', '703-62-9465', 'rfreebury4n@sakura.ne.jp', '$2a$04$7S5vw9orqndaRjqn5Tv.5u6XWZ/nHtpQKAw8M37lu.5quaJcakNE6', 1),
(169, 'Billie', 'Kemble', '0000-00-00 00:00:00', '442-30-2051', 'bkemble4o@shop-pro.jp', '$2a$04$B22dkzvl8IxolvfFtvmCNOua.jzUlUvrGyZQnLUN/9j2alvXEVhJG', 1),
(170, 'Hall', 'Ruppertz', '0000-00-00 00:00:00', '334-30-4444', 'hruppertz4p@princeton.edu', '$2a$04$QXDc0Z0l84CljC4tZlKpNu/i4GLQt1/7JmNv0SXu5FpNgLzJvlNJW', 1),
(171, 'Dania', 'McKnockiter', '0000-00-00 00:00:00', '683-76-1455', 'dmcknockiter4q@seattletimes.com', '$2a$04$GX7OJGLfj.IDPBXn48y1h.y8dbln7kliq9EVS59hynTkNQ1B3Z60q', 1),
(172, 'Friederike', 'Conibeer', '0000-00-00 00:00:00', '364-64-7024', 'fconibeer4r@answers.com', '$2a$04$4FbHg/1AdX/00VX7XjtvZeCcPxvB3mav1TRnAg7wUOzn7ZmAfSoLm', 1),
(173, 'Barris', 'Middlewick', '0000-00-00 00:00:00', '309-94-6033', 'bmiddlewick4s@ucoz.com', '$2a$04$XpPsrUbCZyJ4s0XmpycFeuuLb5hnBgpecwx6gjSMzW9VgTXfUq6l6', 1),
(174, 'Tildy', 'Warrier', '0000-00-00 00:00:00', '826-45-3050', 'twarrier4t@nih.gov', '$2a$04$FEom.sEn4.q4om71Y24GTezTLSwwnSBFS0J/m1auZNKVEKB71j3lW', 1),
(175, 'Iorgos', 'Bassano', '0000-00-00 00:00:00', '322-58-1448', 'ibassano4u@miibeian.gov.cn', '$2a$04$lTRA3UkX8A8wtFpgo8mqEex0CoNtr4jowukRcy5oimHfAn.cu5IFy', 1),
(176, 'Kathleen', 'Rushworth', '0000-00-00 00:00:00', '571-95-1730', 'krushworth4v@ft.com', '$2a$04$6f5upmZbvtVSam.CddMZb.3HAt.bVzRmwp4dbzxLpQhyUem1CiEE2', 1),
(177, 'Adelle', 'Gorrissen', '0000-00-00 00:00:00', '265-56-0745', 'agorrissen4w@cbslocal.com', '$2a$04$3B07IYsnxbvQiAKKa40V.O/Vq1NzuJozfYtSN5PNtlyh8CnfqToMm', 1),
(178, 'Arne', 'Mawby', '0000-00-00 00:00:00', '162-06-4709', 'amawby4x@webeden.co.uk', '$2a$04$PXvcZrlM4IFqAP91YoZaOuWCFsRDxOnloESPpGA5nFjJijubMFeXe', 1),
(179, 'Lucho', 'Padrick', '0000-00-00 00:00:00', '108-09-1360', 'lpadrick4y@51.la', '$2a$04$KLkSFDjMqLU1jz3hPYLrYOz/8zYExEtiBH0EKcjbOy5mag75ItSqu', 1),
(180, 'Billy', 'Crips', '0000-00-00 00:00:00', '199-90-3702', 'bcrips4z@symantec.com', '$2a$04$g2ybmEPTZOah6mcjjO1zFu5ze2bqHOkMjoubh07KR0HtclIlkC4qS', 1),
(181, 'Ringo', 'Flintoft', '0000-00-00 00:00:00', '414-07-3918', 'rflintoft50@shutterfly.com', '$2a$04$.J5NDHnPnvsHOhxGfpuuqeaUvQ/7S3Qgu8iBT31PX9PhmFCDJ9nx6', 1),
(182, 'Karrie', 'Ciardo', '0000-00-00 00:00:00', '809-98-4522', 'kciardo51@howstuffworks.com', '$2a$04$BApmf2XQzxB9R3Iyh4sOue.plxii8XpGCrvNPBh8j4MX4SkWTiUDC', 1),
(183, 'Nelly', 'Betser', '0000-00-00 00:00:00', '852-54-9717', 'nbetser52@deviantart.com', '$2a$04$aabbHYxndApebXMFzPDuPebsC20NT1iDDaFjLJNA9salXrfUnN4oa', 1),
(184, 'Bobbie', 'Rustadge', '0000-00-00 00:00:00', '843-19-5757', 'brustadge53@telegraph.co.uk', '$2a$04$gVxGZQXG7JkyUtXBz/PDWuuFyysyJDVvpHqN7QC8F2AgjNqgIVbB.', 1),
(185, 'Rafael', 'Mather', '0000-00-00 00:00:00', '747-01-7930', 'rmather54@cocolog-nifty.com', '$2a$04$/3Wc2UxXeU6t63dKbW.00uwvfLsYRaA4gv97dMNJ543gsjNF5REYe', 1),
(186, 'Zora', 'Gebhardt', '0000-00-00 00:00:00', '509-20-8508', 'zgebhardt55@epa.gov', '$2a$04$4QoVQKLa2fvkVagZTUHpie9YtCQvZrOF4JbEaNy6EvXdgTSA8jLqS', 1),
(187, 'Park', 'Domico', '0000-00-00 00:00:00', '494-79-6065', 'pdomico56@opensource.org', '$2a$04$DbnKMM2Q1II05zFbmYXEae0vl5OOK2FD8dsVe2W3nXmUFFIsFZB4C', 1),
(188, 'Ernie', 'Billingsley', '0000-00-00 00:00:00', '522-36-4963', 'ebillingsley57@earthlink.net', '$2a$04$nGCX6EJilc53vewvNRvRD.MR./9Ntisbjtv13UuRPExS63eZ/DOAi', 1),
(189, 'Didi', 'Cruikshank', '0000-00-00 00:00:00', '458-86-7284', 'dcruikshank58@aol.com', '$2a$04$91m3XZyh5ylH3qPupfkhyeRdkPIvmVw/yMWAPl3OZzzJGjoNJw98i', 1),
(190, 'Yovonnda', 'Meakin', '0000-00-00 00:00:00', '390-29-6269', 'ymeakin59@wiley.com', '$2a$04$EYCv.Y7ENT9TivacN2.CZ.pN7.41eUgQzfQt36jgpWMyJ3t/wB7k6', 1),
(191, 'Scarlett', 'Chalk', '0000-00-00 00:00:00', '428-88-4318', 'schalk5a@yahoo.co.jp', '$2a$04$D/4h3NVCD3Ctp9lRtLrjv.WN1.9vXUoeS2E.GQ7LbY/wvZ9euB7fW', 1),
(192, 'Elmore', 'Marrian', '0000-00-00 00:00:00', '685-66-4592', 'emarrian5b@pen.io', '$2a$04$f1Vc0E3bsE7VmcjPhV5DhuKwkGnqjQHWz2lPOvFYGPnjy7bbRW/5y', 1),
(193, 'Hubert', 'Grigson', '0000-00-00 00:00:00', '178-81-2518', 'hgrigson5c@163.com', '$2a$04$Ujnq9xdWvl/vxj5EoQS80.hIh8Q0ylMPrqDoyruboXrcCcL1HIeCS', 1),
(194, 'Cati', 'Raecroft', '0000-00-00 00:00:00', '562-94-2063', 'craecroft5d@va.gov', '$2a$04$yntGFnS/C/wfLxGgcJjNgurqcEOjs1sG1etiEOpH9qiYoSjcrnCVO', 1),
(195, 'Dell', 'Duignan', '0000-00-00 00:00:00', '480-60-1590', 'dduignan5e@china.com.cn', '$2a$04$cVQUN2B1nbhRHztMlJvSSOdrTnjh5eRUh1IXp3IUJEGWvyd/hDk7i', 1),
(196, 'Stephi', 'Jumont', '0000-00-00 00:00:00', '328-80-8074', 'sjumont5f@163.com', '$2a$04$7.3VY75hZWLsma4gBU3jCO3Z467EFRckNTMM8F.IvSyECSXsnPV3m', 1),
(197, 'Karmen', 'Redhead', '0000-00-00 00:00:00', '889-35-3265', 'kredhead5g@comcast.net', '$2a$04$QMgMhuffxAdzVH3oFtcdeO.lVvmOtq8pNB4o8FCc.Qwl0cEvpa78i', 1),
(198, 'Hi', 'Sheirlaw', '0000-00-00 00:00:00', '503-68-8905', 'hsheirlaw5h@unblog.fr', '$2a$04$5godkDUslkSPI0/o1CxWdeVfYHgxANaGEKgXgfJ35G2lt0tSGilR2', 1),
(199, 'Denice', 'Rhead', '0000-00-00 00:00:00', '730-28-1308', 'drhead5i@devhub.com', '$2a$04$qsPdSQgnn24uhLYKoaXia.YG4nWAW90LS1xyenSgODIw89kQXZ3Yy', 1),
(200, 'Leigha', 'Gilder', '0000-00-00 00:00:00', '589-04-6073', 'lgilder5j@issuu.com', '$2a$04$zKvdX7DwcYyAElQhMX0CzeF7Rr/u04CZaYYX9zw4IYNvlq8Wag6US', 1),
(201, 'Jeannie', 'Caltera', '0000-00-00 00:00:00', '107-72-0045', 'jcaltera5k@zimbio.com', '$2a$04$P/ccn4bxAnFw.s5jGCG7MOhhEc8IQty72c2Nwn21Hiwuwifw9DWuW', 1),
(202, 'Ileana', 'Skeech', '0000-00-00 00:00:00', '473-69-4252', 'iskeech5l@symantec.com', '$2a$04$kMUR3wSqi3XzlZ6RCDUfZO5qgCYIF32V/icRjLmFxrgyRgjisGliy', 1),
(203, 'Filip', 'Grim', '0000-00-00 00:00:00', '270-83-5517', 'fgrim5m@cdc.gov', '$2a$04$IuMzjFRxGtw0P4X8DjGXx.gjHuXqjXcH.oQ9OX3mQxYAILpZlOwZ2', 1),
(204, 'Sauveur', 'Riddler', '0000-00-00 00:00:00', '765-02-2709', 'sriddler5n@tumblr.com', '$2a$04$D.i5qdi7DuAx7E2QV4UmZedYEbR25WZjOTTj/nJ7nDkaxYmfLYn.K', 1),
(205, 'Dannie', 'Murch', '0000-00-00 00:00:00', '532-24-1254', 'dmurch5o@multiply.com', '$2a$04$WTgj1l6gPklet6ZRl3yCVO.GVWwc8us/9GOaUXKQGL83XbQsU3Ofu', 1),
(206, 'Cad', 'Deeney', '0000-00-00 00:00:00', '320-17-5367', 'cdeeney5p@ft.com', '$2a$04$cmvMgIi6UzCZV373sEpXNe.G5GGpd1.RilavjGKteFAldQmBnjlPq', 1),
(207, 'Pippa', 'Wallentin', '0000-00-00 00:00:00', '668-10-5161', 'pwallentin5q@china.com.cn', '$2a$04$G6C49nHNa9RjyXZvmNVlzuVWwUrso9H4Rnywj411zQuF8vMtViQ/S', 1),
(208, 'Idalia', 'Gunningham', '0000-00-00 00:00:00', '775-32-1628', 'igunningham5r@blogger.com', '$2a$04$voNKaap5/bKqJyy3BQBz7OV8hvDZxgS96DeS6IGAtl4aimXxW94v6', 1),
(209, 'Boycie', 'Bateup', '0000-00-00 00:00:00', '132-98-7860', 'bbateup5s@dedecms.com', '$2a$04$amZuKrKTmd0IJ5XlW5dVvurFP04QVFJjqWBpaAnwoVQbiHVhL4UDW', 1),
(210, 'Gusta', 'Rivel', '0000-00-00 00:00:00', '419-10-7579', 'grivel5t@tripod.com', '$2a$04$RT3H84xIHTPR47KEIxnwnejAKHEm.3dzKqkCorhMOo9XAdKCOj7k2', 1),
(211, 'Glen', 'Lindenboim', '0000-00-00 00:00:00', '408-73-9665', 'glindenboim5u@blogspot.com', '$2a$04$SROKACWgZ732cjKB2tse2e/JNWrKa.X9s81ImgRjQCHtmpmo.RsTO', 1),
(212, 'Cindy', 'Dainter', '0000-00-00 00:00:00', '413-49-6365', 'cdainter5v@miitbeian.gov.cn', '$2a$04$8f8LykKC.otlXL7aw/MvBe9s2/zsZ244VpZ9e9Xzs8AZKYXset1Si', 1),
(213, 'Karl', 'Ellick', '0000-00-00 00:00:00', '371-41-7065', 'kellick5w@home.pl', '$2a$04$Wo.UrLxE/qcvkOacYFnFju5v97XmDcihF38He5QgNv7KXeeSQYhBK', 1),
(214, 'Othello', 'Renowden', '0000-00-00 00:00:00', '607-48-4499', 'orenowden5x@friendfeed.com', '$2a$04$v/.SOhS5zEUee3BsEZ3h6.z.y.5FQAgl5RDg.mWUIJoBsihN6a2pi', 1),
(215, 'Brose', 'Wasbrough', '0000-00-00 00:00:00', '503-10-4379', 'bwasbrough5y@abc.net.au', '$2a$04$3vL4fE5DdoQ9rj3F2rvNsudiE0FYYpnZDW6PSy.5XCwTBolfhM4A.', 1),
(216, 'Jerrilyn', 'Yanukhin', '0000-00-00 00:00:00', '730-48-3420', 'jyanukhin5z@w3.org', '$2a$04$BJKSy3skJUjkLtgbdhlLTu5sunRAkBgnodofRrOQmAv0C4IhjzJhW', 1),
(217, 'Jo ann', 'Ferne', '0000-00-00 00:00:00', '724-02-1565', 'jferne60@blogger.com', '$2a$04$UR8bk5LFCmaN9NvdtQchGunAOb.sU3pjq1gTd6SVV0FcFhXlARDw.', 1),
(218, 'Rasla', 'Lant', '0000-00-00 00:00:00', '458-49-3672', 'rlant61@51.la', '$2a$04$uknbhQyDZtaVu/VulSDc6O0fzbt3o.SAtg4TSEbo8wi8uZSilS0Iy', 1),
(219, 'Coreen', 'Goacher', '0000-00-00 00:00:00', '715-30-8273', 'cgoacher62@webnode.com', '$2a$04$ehC6QfHnXTuYVTJFvlUjMe/OEJcpD2Ehx5fM75YlPhETy1tMC980y', 1),
(220, 'Isahella', 'Rasell', '0000-00-00 00:00:00', '629-27-9199', 'irasell63@elegantthemes.com', '$2a$04$vL1/6JhHPkW076Wp8iBM/eiXXd0cWeogMg0VjjcQa/I.MpLlLVAEm', 1),
(221, 'Emlyn', 'Elnaugh', '0000-00-00 00:00:00', '261-14-9773', 'eelnaugh64@samsung.com', '$2a$04$egO1vaDdLeKNdq97gP5j8.5bRmKUqXtq7DoO0GAZMjpOkT710RmWu', 1),
(222, 'Kippar', 'Blunsum', '0000-00-00 00:00:00', '235-10-8861', 'kblunsum65@vistaprint.com', '$2a$04$6pO.v/Ri2/rGsW4ul6.7Leok9YyFelKi56zzl2CMuP.J/12Q/Avva', 1),
(223, 'Betteanne', 'Dutton', '0000-00-00 00:00:00', '423-93-3378', 'bdutton66@toplist.cz', '$2a$04$YjrW16BBRUi2UICJ5ltU8eRSugou1RKMoKoEys.rP2j0O8xE24wsK', 1),
(224, 'Jedidiah', 'Kuhnwald', '0000-00-00 00:00:00', '877-96-4260', 'jkuhnwald67@uiuc.edu', '$2a$04$qUkNnDBGbkuecj6ZzHOdpeJf2Md0XTHtVgGldRGM7vUh9OCqdQ9j.', 1),
(225, 'Starlin', 'Maro', '0000-00-00 00:00:00', '276-17-1745', 'smaro68@ovh.net', '$2a$04$MpU9mB8SBwDNiSmdKPbSNeQ62qM8YWSJo.Rm.fRYpHNYMh8vw2CY6', 1),
(226, 'Jaimie', 'Joslin', '0000-00-00 00:00:00', '376-61-2424', 'jjoslin69@time.com', '$2a$04$B/F/i9SBisrSjSv/OC2XguEz12qqxyHNndfwHqUp86Cca8xuTZrNG', 1),
(227, 'Murry', 'Rycraft', '0000-00-00 00:00:00', '382-07-6836', 'mrycraft6a@gov.uk', '$2a$04$8ZV7UFPO7nowLLg.yZny3e3faauNAuf/wimbyf7FRm5k2gGtdNHVe', 1),
(228, 'Evyn', 'Laidler', '0000-00-00 00:00:00', '704-22-5907', 'elaidler6b@trellian.com', '$2a$04$9i3zJiAiFqjluI2FL3lgrOaMg2jXZtraFqqaxB/9Q1OdaqPSLovXi', 1),
(229, 'Liz', 'Antyshev', '0000-00-00 00:00:00', '823-86-2889', 'lantyshev6c@sourceforge.net', '$2a$04$8SuEFCCcnJWyz1aMuVHebucojCL/Xtm3QLfow2jCYMrpD3bILTOo6', 1),
(230, 'Kristien', 'Serrels', '0000-00-00 00:00:00', '286-28-1379', 'kserrels6d@samsung.com', '$2a$04$Z1vdwTxX65OAPrr.fULJ0O4gICKaCkp5Ll4N7sKvGdfIDSpoYe39m', 1),
(231, 'Wallis', 'Jonczyk', '0000-00-00 00:00:00', '716-33-2038', 'wjonczyk6e@ca.gov', '$2a$04$cK6q.1.JM5.PvfhccM71uONw6mXk3wnJ0PpjvyCgbWTRnbdArEh0e', 1),
(232, 'Rolland', 'Terzi', '0000-00-00 00:00:00', '377-40-4166', 'rterzi6f@howstuffworks.com', '$2a$04$L5giYG8lGlfadzii4DWQVOx73D63qsujdB4f8xEq2SfCPpUTI/xpO', 1),
(233, 'Gretchen', 'Gerlack', '0000-00-00 00:00:00', '634-81-6141', 'ggerlack6g@bloomberg.com', '$2a$04$NytR8b0CWGUnpGGQpuF4vOTBtq62O7UFZB.GZSORtqpU/BcQ8TA6i', 1),
(234, 'Aloysius', 'Kmiec', '0000-00-00 00:00:00', '172-58-6354', 'akmiec6h@etsy.com', '$2a$04$mYYq5EXmHN9BJr3mc5x12.VbFWQUMUqAGvWNhRx.KGlfyONS6EbiS', 1),
(235, 'Kacey', 'Artharg', '0000-00-00 00:00:00', '735-36-9160', 'kartharg6i@ustream.tv', '$2a$04$pGBeZSQiTWmSf.9IcHdgweFE.VAH/4.WfGt0STC0sYshoIfN0uzS2', 1),
(236, 'Stevana', 'Sholl', '0000-00-00 00:00:00', '498-97-3975', 'ssholl6j@barnesandnoble.com', '$2a$04$w.zRhkL6bL.wWeE5ZU7ZMe5S/QmANTCnr6XylXv3ta7ImpjWRq/d2', 1),
(237, 'Debbi', 'Iacavone', '0000-00-00 00:00:00', '505-51-1696', 'diacavone6k@blogger.com', '$2a$04$FpBylkfKzQwU8SgtKvoeKOyVO5ynm3ie9wt/RDxJbzV8oyd8WdZvG', 1),
(238, 'Judith', 'Border', '0000-00-00 00:00:00', '543-23-6119', 'jborder6l@si.edu', '$2a$04$n/a9yjFvqhQ7vb1V2.LrcO1MsuoTOxY0PfWTzSe72xcyu0Fi.0WFG', 1),
(239, 'Sholom', 'Bemrose', '0000-00-00 00:00:00', '126-80-4601', 'sbemrose6m@answers.com', '$2a$04$gOsEhSeUWJQmnecGk3ABGOscnsrHv9aerzW5N5XqERpZlp0GJFfZK', 1),
(240, 'Andrej', 'Svanetti', '0000-00-00 00:00:00', '596-93-9651', 'asvanetti6n@de.vu', '$2a$04$qJtBsPTHo4mjiS6K36jD8uQNCBJxdDrIpm/5ShSAG6kOaW5gUdSZi', 1),
(241, 'Stephen', 'Sullivan', '0000-00-00 00:00:00', '359-70-1608', 'ssullivan6o@msu.edu', '$2a$04$wRh/ZvGjoDNpUlT7fk16AuXDbssU9kdEzcJslHeXGHx/OBGGgym3W', 1),
(242, 'Edee', 'Gliddon', '0000-00-00 00:00:00', '708-57-4164', 'egliddon6p@myspace.com', '$2a$04$PD1Qvsuu1dBdSNw6kH1LJ.H4dA7GHa.qJ1I/UEdPpIfCMQ6KeTpgi', 1),
(243, 'Shannon', 'Trevains', '0000-00-00 00:00:00', '447-97-8105', 'strevains6q@seesaa.net', '$2a$04$FO2VwnO3FcCFtcU0.eRi2OzVYegLDi9qfoxtEN5FsJMv9XkB75fve', 1),
(244, 'Davita', 'Coopper', '0000-00-00 00:00:00', '317-34-5153', 'dcoopper6r@xrea.com', '$2a$04$ZMghTap8eoXvazCATEiRp.nkjnpKa6uGTxdyWFDCagcTwK8sZKWpa', 1),
(245, 'Winifield', 'Ida', '0000-00-00 00:00:00', '443-81-2514', 'wida6s@blogs.com', '$2a$04$12Q8bLthQRA1UU92gml7Qe3cR1Sw5KET01PyoJQMF092FLHmpXMxm', 1),
(246, 'Siegfried', 'Cherrington', '0000-00-00 00:00:00', '287-65-9652', 'scherrington6t@nih.gov', '$2a$04$Y6l9kTxx7/ZtWdhOB.8HjeAe0PeH5BTnUzD0m5oRyAvxeCoWH57XG', 1),
(247, 'Lanita', 'Conen', '0000-00-00 00:00:00', '283-28-3604', 'lconen6u@storify.com', '$2a$04$0SXxBiRj8cbq8x0d/r6jHekb0f9UHnHyz4RPZcW1/85jlH5zYJaya', 1),
(248, 'Joya', 'Duerden', '0000-00-00 00:00:00', '333-86-5623', 'jduerden6v@state.tx.us', '$2a$04$c5tty7feJdlodQUi5iVOL.VLqlmbr9PhGIzSogy2WORk7AE4TUOzm', 1),
(249, 'Catharina', 'Lackey', '0000-00-00 00:00:00', '114-51-4139', 'clackey6w@dailymotion.com', '$2a$04$RJmJwyqcF5lfU/TnhFAFK.3kXUbZtHLyJh4uBODFfxqqD1o4xz.U.', 1),
(250, 'Enid', 'Brannan', '0000-00-00 00:00:00', '697-85-2016', 'ebrannan6x@accuweather.com', '$2a$04$S/jpxVjWhicneJF0XcI3b.Frqd8X6it1sfKpixqlYKq9cAC21lZwi', 1),
(251, 'Beltran', 'Picknett', '0000-00-00 00:00:00', '617-47-7442', 'bpicknett6y@weather.com', '$2a$04$NoSJyZEW3E84HZ844RzjzeyzssMDJQZ4RtvZjiZ1JXqlwU13ZHbK.', 1),
(252, 'Saudra', 'Bromfield', '0000-00-00 00:00:00', '305-26-0952', 'sbromfield6z@g.co', '$2a$04$PSXPSJTQhAlq7r4E.RZk4OIt1U4KvdkHMZVJGQVdY1/IhT/2w/Ncu', 1),
(253, 'Lib', 'Heeron', '0000-00-00 00:00:00', '676-18-8515', 'lheeron70@nationalgeographic.com', '$2a$04$ty4REp2a3BniA9LWNqKZBuzM6zAl.Q2HoCyUgZzcuGE2cey5Q9bNi', 1),
(254, 'Rycca', 'Fellgatt', '0000-00-00 00:00:00', '109-29-4914', 'rfellgatt71@odnoklassniki.ru', '$2a$04$v8Zi4hlT.cRaYxoZKKo.PeWTDLwA1Iu7pANoj4aPu6ypBncBT9Y9m', 1),
(255, 'Jermaine', 'Dilston', '0000-00-00 00:00:00', '812-24-8410', 'jdilston72@istockphoto.com', '$2a$04$AMf76FL73aPHeCSv69oTbeBZrKTVGQmLWTlfdrETux0OjHHCbnD.O', 1),
(256, 'Garrick', 'Dickings', '0000-00-00 00:00:00', '537-39-5065', 'gdickings73@ucoz.ru', '$2a$04$/nvPSM9euSr.Jj8WCWvqE.sT0J/xuV8yn9AV4Lf1tWlfx2N.kj.VO', 1),
(257, 'Cathyleen', 'Llewhellin', '0000-00-00 00:00:00', '635-64-8415', 'cllewhellin74@dagondesign.com', '$2a$04$ecMYEzh20VehSNORsyC0E.m6tlGdKbZ1HSEUfEOzGBwcRTTetlx7K', 1),
(258, 'Phillipe', 'Bader', '0000-00-00 00:00:00', '789-80-8107', 'pbader75@hibu.com', '$2a$04$SmzknkWrkJayQboMozmyGu83e/foPA/nMujwM6AXhckmiRTE276Nu', 1),
(259, 'Lindsy', 'Casetta', '0000-00-00 00:00:00', '761-28-4888', 'lcasetta76@cmu.edu', '$2a$04$rTtVyQXoJ0zIgZ9nPoCmUeYLxU9cFVu.fb6qFjz8zabTPlS3VBZ/m', 1),
(260, 'Sherline', 'Give', '0000-00-00 00:00:00', '246-70-8073', 'sgive77@posterous.com', '$2a$04$CeEtYwfHEev6mxXKSKI2IufT78ZGsbOW61Tjp5YaTiucUiSl6VpcG', 1),
(261, 'Lura', 'Rolfs', '0000-00-00 00:00:00', '812-22-1214', 'lrolfs78@army.mil', '$2a$04$zpFvINz5PaXatBAFHPE6s.Er5XHZBl9QBmr8rHBsekAiVP6zdIG02', 1),
(262, 'Mignonne', 'Shevlane', '0000-00-00 00:00:00', '129-71-7170', 'mshevlane79@bandcamp.com', '$2a$04$CwdpPQk4I5rnH0E0bcPiEeC.K27I/1zWlHKrRn1k0xbZazW5Gg0ba', 1),
(263, 'Myrtice', 'Durn', '0000-00-00 00:00:00', '660-14-5759', 'mdurn7a@tinypic.com', '$2a$04$8Mz5I1qaqYYLvoSb3Wpl5eEm19dFDl5Ofs8IWhKBNihhV7XXopPpS', 1),
(264, 'Shermie', 'Panichelli', '0000-00-00 00:00:00', '669-08-8563', 'spanichelli7b@51.la', '$2a$04$Jn2ft6Kd/lgylAt3DGNbmuccgOV2yMLvjRhMK2HqQXtYoJM57N.i.', 1),
(265, 'Ree', 'McAllan', '0000-00-00 00:00:00', '115-91-5908', 'rmcallan7c@drupal.org', '$2a$04$OR0qrq4JhV53LQM851fAxOKpm6tx7U4N64VI1w3DQPzpYvVLtLFFK', 1),
(266, 'Baudoin', 'Clausewitz', '0000-00-00 00:00:00', '799-56-4477', 'bclausewitz7d@csmonitor.com', '$2a$04$IUKyn0yC0HEXbYUhqOxEbO.YoPkU8/3hQTIPNobAqRxH9fG33OnJy', 1),
(267, 'Yank', 'Morican', '0000-00-00 00:00:00', '124-47-1415', 'ymorican7e@prnewswire.com', '$2a$04$c7JFswR3I5X1hlWvmd0PUusTk.VGEee4tZffyvfzWoCCDPRclAnde', 1),
(268, 'Allyn', 'Laverenz', '0000-00-00 00:00:00', '841-06-0999', 'alaverenz7f@reuters.com', '$2a$04$J6CNcptwKY7hNdGC0GUSzOtU72Dwaa7tGqT5MB/nsv8cfBIhHu8ja', 1),
(269, 'Inga', 'Studholme', '0000-00-00 00:00:00', '708-05-4085', 'istudholme7g@java.com', '$2a$04$duI3hnadW/MLWNCCkj/4au0ZmJltHNvg7vwC3CoqKcqF4paBNoiZy', 1),
(270, 'Cissy', 'Haskell', '0000-00-00 00:00:00', '516-96-8145', 'chaskell7h@dagondesign.com', '$2a$04$L6h4GBPe8gAkZ96lb0ekWeiBPhG7JlhTh36GV9p00WV2xIXxyqJym', 1),
(271, 'Freddy', 'Bohike', '0000-00-00 00:00:00', '466-33-6528', 'fbohike7i@sphinn.com', '$2a$04$BecgT81mPPtfCWttpo6Ipe9Y7PDGS7ucLY6Vq9krZyu0kPcWXpIl6', 1),
(272, 'Evaleen', 'McCrudden', '0000-00-00 00:00:00', '538-93-2874', 'emccrudden7j@jimdo.com', '$2a$04$itZ4wK5yCf4rv.hXZQQ26uEW1AJ.VveRUhiC2zs.iqvQdzYpIJ4Wi', 1),
(273, 'Barbra', 'Yorath', '0000-00-00 00:00:00', '523-49-9378', 'byorath7k@usatoday.com', '$2a$04$3i9w59rLQ1SQXNayWW8TiO7T.tPQjfkCSQg4XkUIN0RP6wiIMst5G', 1),
(274, 'Padget', 'Cokayne', '0000-00-00 00:00:00', '802-49-7650', 'pcokayne7l@blogspot.com', '$2a$04$aISBe8epWniMqyZ27gCICulwUrx6jmsIWc7LnpbI421q2EExSP2SO', 1),
(275, 'Emelyne', 'Blesdill', '0000-00-00 00:00:00', '510-46-2954', 'eblesdill7m@nasa.gov', '$2a$04$W9O4.qGg/6OkmM/7x5PbteO1joMqt1WVizDS/WBXziMnv/KYydFxG', 1),
(276, 'Lilly', 'Clavering', '0000-00-00 00:00:00', '470-47-4492', 'lclavering7n@cnet.com', '$2a$04$AHi0NPY0Awd3c07on.V.hOtA/iEcCoXk3kPLga6F8IYbPbqfZ3bZ.', 1),
(277, 'Lurline', 'O\'Concannon', '0000-00-00 00:00:00', '584-94-6991', 'loconcannon7o@networkadvertising.org', '$2a$04$UhknUBcYnMRDFOkHubURHOaXZJnuor6OpduXtnHfu6wQilMVqi7Bu', 1),
(278, 'Gordan', 'Mandifield', '0000-00-00 00:00:00', '393-98-3826', 'gmandifield7p@dion.ne.jp', '$2a$04$KjoehThI/.V8c0pW5GOQ3u1fUpCn2AQ2oaOjkbfa8O4Nr1OmO7sB6', 1),
(279, 'Nichols', 'Van de Castele', '0000-00-00 00:00:00', '700-58-7606', 'nvandecastele7q@opera.com', '$2a$04$018MgSiI9U9XxaJs61UszeVU2BDldbnbeYfskNx8jW0Xj7xzL1vO2', 1),
(280, 'Mendie', 'Daviot', '0000-00-00 00:00:00', '478-80-0708', 'mdaviot7r@latimes.com', '$2a$04$JvUWD3243hyXhhrF62sFV.kB762pHpIST3RwWYVYki6O3BqGntqdm', 1),
(281, 'Alexei', 'Rooze', '0000-00-00 00:00:00', '184-89-4898', 'arooze7s@google.ca', '$2a$04$ps4Z1f3NzvihUSMxw0vy8e0z2qjxefk9wL6iDyhvgg8.UPcqB3rZ2', 1),
(282, 'Robbin', 'Rilton', '0000-00-00 00:00:00', '134-20-8781', 'rrilton7t@oracle.com', '$2a$04$tMMe8JUUu90kwVDlVNL7vOliAa5QvzsxMsbM4UTJTQhomp72R4tRe', 1),
(283, 'Joe', 'Tupie', '0000-00-00 00:00:00', '751-01-3216', 'jtupie7u@ebay.com', '$2a$04$XxIN70nFmGOw2LlYJdkhiOkOiK/M.7MrQwSnx1afeqF/lACn0.xIy', 1),
(284, 'Raffaello', 'Robun', '0000-00-00 00:00:00', '161-34-8243', 'rrobun7v@ask.com', '$2a$04$Y//pWrmQlBsr5rwL6rO/ze39/73aMkTUZhZMt0a2ZVw5Erqsui/cy', 1),
(285, 'Jillana', 'Morling', '0000-00-00 00:00:00', '450-65-3284', 'jmorling7w@feedburner.com', '$2a$04$UQZ6JRcBlP.FWlJVkurHmOkOGkf0GxqW2b2cRumZRkI9SR0FEDrvG', 1),
(286, 'Erhart', 'Wynn', '0000-00-00 00:00:00', '786-39-1758', 'ewynn7x@harvard.edu', '$2a$04$j0Jsup71HBEoLKrIi.dvJ.KfGGtYWSUXnAZQ34Q0ozv1wEnrsLAyO', 1),
(287, 'Glynn', 'Schuchmacher', '0000-00-00 00:00:00', '199-75-2899', 'gschuchmacher7y@fema.gov', '$2a$04$7mLQ.7vOdkLdtKmZR6KHF.5w49l04xATXCjxvGU5duQswBmjuc17S', 1),
(288, 'Luther', 'Indge', '0000-00-00 00:00:00', '323-02-8723', 'lindge7z@moonfruit.com', '$2a$04$A6dfW9Np.SFEJvJi4XxseOAyZt54Y6LL.52ElgyAdzxHZxw1Qag9a', 1),
(289, 'Melly', 'Eckart', '0000-00-00 00:00:00', '391-79-9725', 'meckart80@hp.com', '$2a$04$OQkhRB5sHxuIRkniw.7lIeO0scUN1qVrCV5LuOUTS6iGwJNa.839i', 1),
(290, 'Abbie', 'De Giovanni', '0000-00-00 00:00:00', '781-17-3369', 'adegiovanni81@tripadvisor.com', '$2a$04$n1ymPNPwE3QWa459466gX.X8ME4CToeOsn7a/MBFvxjiUpSI7w6cq', 1),
(291, 'Hieronymus', 'Creaven', '0000-00-00 00:00:00', '640-13-3960', 'hcreaven82@google.cn', '$2a$04$L1xN8/nrF.nS5MXinVumdefdXQVSXTZdAC/n3b4Xterdp827bECw.', 1),
(292, 'Cal', 'MacGauhy', '0000-00-00 00:00:00', '165-53-9998', 'cmacgauhy83@apache.org', '$2a$04$9ani.pdYbNDTbdaFFHpg.uIUMP5kD9tH/8DPKpBcvSQCLMUGl1XiW', 1),
(293, 'Evaleen', 'Roskelley', '0000-00-00 00:00:00', '802-79-2648', 'eroskelley84@deliciousdays.com', '$2a$04$qvoxqFGrVQ8o0t1mPQOpz.E18e9.zsih9f1o/dxwl7gHmsLZqLu/a', 1),
(294, 'Corrina', 'Antonignetti', '0000-00-00 00:00:00', '617-88-5178', 'cantonignetti85@miibeian.gov.cn', '$2a$04$lLwFbb30jDd6kX16Novl3uzvQnCvNgcAiUXbjq70B6DAeVtiy1cge', 1),
(295, 'Ellery', 'Vosse', '0000-00-00 00:00:00', '568-58-2727', 'evosse86@freewebs.com', '$2a$04$79ZbtOE4T4fX1IcIC3ZVOuWablMkYW3TAI1WNEiJGdb.qo0DSSD12', 1),
(296, 'Adaline', 'Lampens', '0000-00-00 00:00:00', '351-23-2330', 'alampens87@biblegateway.com', '$2a$04$QN2lyQtbM4KPBP1CYb25N.xKB9qUg1lIn8Np6XneMuqIocw4N/PEu', 1),
(297, 'Tess', 'Colecrough', '0000-00-00 00:00:00', '192-50-9628', 'tcolecrough88@mtv.com', '$2a$04$a7lhT6BpNkJOeoOo8oQb/u/DJVqnOuEGrsfsf/nvKgZtrTMlJ2Uru', 1),
(298, 'Ashlee', 'Kinze', '0000-00-00 00:00:00', '219-12-9944', 'akinze89@google.nl', '$2a$04$E3qYseiI9DmzklzDdV3/meJU8GaslLOIjDgq2.Q3a.0MqauNHedDe', 1),
(299, 'Isacco', 'Brydson', '0000-00-00 00:00:00', '414-96-2106', 'ibrydson8a@deviantart.com', '$2a$04$nZUBwUr.QJAxevk29aCL2.Ib2hGuG6yw6fEbEDKm9mHujVrTLWeL2', 1),
(300, 'Johannes', 'Belitz', '0000-00-00 00:00:00', '353-62-6431', 'jbelitz8b@exblog.jp', '$2a$04$4ojP8YkwUeVZ9vkYSfZFxeri1VxjyCcKjqPdD2o8YiJD2wXAhTbO6', 1),
(301, 'Renaldo', 'Menchenton', '0000-00-00 00:00:00', '673-16-8256', 'rmenchenton8c@illinois.edu', '$2a$04$HTChjQgdrSEPM5LwG0wtveHzHWtGjJ97M4MCL.hdIKT.DE2G1BegO', 1),
(302, 'Burton', 'Meffin', '0000-00-00 00:00:00', '502-76-3404', 'bmeffin8d@edublogs.org', '$2a$04$lNT2.TlDzo/wT.MFl61iSOAlI5Z4UskFkCP5Tg52sqQA2cUuI8vIq', 1),
(303, 'Zara', 'Grellier', '0000-00-00 00:00:00', '182-67-6113', 'zgrellier8e@qq.com', '$2a$04$3fiS6lppUdbFF5n82ujwE.G.Ix0U91npCO/0jOtbF9DKrSfmQlYfi', 1),
(304, 'Aube', 'Dring', '0000-00-00 00:00:00', '226-72-9024', 'adring8f@webeden.co.uk', '$2a$04$JwUOZWtIkb.lA7wFD8MdG.FVFdxFR1YTqCErG16K9kHGLTolUxAqq', 1),
(305, 'Klarrisa', 'Thunderchief', '0000-00-00 00:00:00', '208-47-8375', 'kthunderchief8g@barnesandnoble.com', '$2a$04$sGO3iwm3aI0uRBZgegH.UOuKY2eeXJLoSY2zoS.XZ5wb2xVo2uStG', 1),
(306, 'Hadria', 'Conichie', '0000-00-00 00:00:00', '641-94-0982', 'hconichie8h@senate.gov', '$2a$04$kGTMuhDJ.osxAAOTzifHkev42ohVT4DZv8FzehOaSvsws44RcN9Cy', 1),
(307, 'Colby', 'Shakspeare', '0000-00-00 00:00:00', '336-55-3465', 'cshakspeare8i@samsung.com', '$2a$04$V52Ie6jS0LLJVaaMHoxMMudtBaabkBw2EYfvFnjk2A2P2t3b1O0zK', 1),
(308, 'Gerty', 'Jorat', '0000-00-00 00:00:00', '868-12-6214', 'gjorat8j@google.nl', '$2a$04$MgX2c8lneWkqsiHlTnAIfOjlYDwRAZSxiLlPdfkEgfie7oEKZBv4i', 1),
(309, 'Dalia', 'Dammarell', '0000-00-00 00:00:00', '245-62-7128', 'ddammarell8k@craigslist.org', '$2a$04$LH.Rd5YmO.IJm6ASPE/XeOADghKjrBLnLyJIkUSxhq9e7g/qrgUO6', 1),
(310, 'Berthe', 'Laydel', '0000-00-00 00:00:00', '438-70-2676', 'blaydel8l@taobao.com', '$2a$04$rP6OG4jVdFPHhnQaswKxYe86EbVZ0yqRcDZyiaDWEh/Et4M5b2Fee', 1),
(311, 'Ches', 'Phillippo', '0000-00-00 00:00:00', '438-24-2927', 'cphillippo8m@blinklist.com', '$2a$04$dYhS45odqt9lQbpEdWk.kOfnjVG5NCJokiZEMTV6U/yjZHVQTziRu', 1),
(312, 'Bruce', 'Quilleash', '0000-00-00 00:00:00', '349-14-9935', 'bquilleash8n@taobao.com', '$2a$04$KKL6z42DOPE8Byg2W9rgUugu6RUjy7XIJysuuAkjUhExRT.BFMBbC', 1),
(313, 'Juline', 'Sickling', '0000-00-00 00:00:00', '385-19-2453', 'jsickling8o@wunderground.com', '$2a$04$277a7JKHUaiFMVM9V2SHIuAtKRZaviZuPJoMCR2wPYjXVlBphDxce', 1),
(314, 'Cchaddie', 'Jeffree', '0000-00-00 00:00:00', '726-34-6399', 'cjeffree8p@guardian.co.uk', '$2a$04$z7l.8lfXF3IH./mShMJSVeNZPBcfHm4MX0damrhzM3oQvX.fDMWYK', 1),
(315, 'Dov', 'Kirkbright', '0000-00-00 00:00:00', '594-74-8676', 'dkirkbright8q@si.edu', '$2a$04$XPbvTMN.ZgRfKv8LKq7kDelFPQcZqIxYn51fpeN/k.htIV82CRrO6', 1),
(316, 'Sidonnie', 'Shilvock', '0000-00-00 00:00:00', '457-31-9474', 'sshilvock8r@alibaba.com', '$2a$04$4uMxC5hU9c1873Jfu5QUieGuO5qB.eQcwIaTSbbuPTYrL8B4quogi', 1),
(317, 'Afton', 'Rumming', '0000-00-00 00:00:00', '742-97-1691', 'arumming8s@soup.io', '$2a$04$FWjrc6iAw38.hb6Hl5y6Iein0Rl2BFVCLK8YoN5RrAW04AwQMR2S.', 1),
(318, 'Nelie', 'Stebbings', '0000-00-00 00:00:00', '338-92-4494', 'nstebbings8t@purevolume.com', '$2a$04$nqXWm22yPNJjvLFuw/LV3OzH7065GTJCH2luAhZAOLpxWYIe1TFFe', 1);
INSERT INTO `users` (`id_user`, `fname`, `lname`, `birthdate`, `telephone`, `email`, `password`, `id_adresses`) VALUES
(319, 'Wynn', 'Boss', '0000-00-00 00:00:00', '429-17-0928', 'wboss8u@pcworld.com', '$2a$04$4/Sqs0nq67gzXlytlDHjb.8.A/cFrC4hQwxBvtacIRQ/hfOcr5JIK', 1),
(320, 'Alric', 'McMichell', '0000-00-00 00:00:00', '310-62-6113', 'amcmichell8v@blog.com', '$2a$04$TKckeaApPDMCIVFna6ZyG.IkFstCw5nMnrYYC7YpjaAZoz.2enCh.', 1),
(321, 'Cesar', 'Fallen', '0000-00-00 00:00:00', '744-74-0834', 'cfallen8w@skyrock.com', '$2a$04$4gqjiMeSLenfO3UxnJMFwOjzHvNpY3m7iqrYzPZSlclckC1bvbqnK', 1),
(322, 'Adriaens', 'Mix', '0000-00-00 00:00:00', '472-24-9112', 'amix8x@npr.org', '$2a$04$CB/8zMOZIucEXX.QKKHMFejDBA637kjXg0ohXZ/hWDFUZ6COJyCU6', 1),
(323, 'Abby', 'Bolding', '0000-00-00 00:00:00', '895-13-5797', 'abolding8y@google.com.hk', '$2a$04$Zp.7bPGwc43cBDQNnetNkOOwuMR9eWCTU.7a5LO4g2jSwDcJ5OEey', 1),
(324, 'Broddie', 'Ferronet', '0000-00-00 00:00:00', '570-39-5759', 'bferronet8z@blogtalkradio.com', '$2a$04$WiJIKjDn6pEykOfkBjYEKukG7ScrWa8b5hj63Saj1RRvCINzU078u', 1),
(325, 'Ebonee', 'Lawlance', '0000-00-00 00:00:00', '244-50-3252', 'elawlance90@walmart.com', '$2a$04$bmCBur.ZQdrW2epbZp6zlexPtsYdzR3UyAR/BoxswRLPgSUqf0hEi', 1),
(326, 'Kathy', 'Liston', '0000-00-00 00:00:00', '311-79-8891', 'kliston91@devhub.com', '$2a$04$WmY09I9gRdO43HlWo0Xx/OZa46x3EXKG9oJSwvYMJDgeYw3RPZhlC', 1),
(327, 'Mozes', 'Nudd', '0000-00-00 00:00:00', '807-29-3751', 'mnudd92@clickbank.net', '$2a$04$KGbr1fej6lL6dDu6Z8X.DeT/bfgOITO7JWXGj9DRWdaTbqKRGNgAK', 1),
(328, 'Heloise', 'Burgwin', '0000-00-00 00:00:00', '868-77-3335', 'hburgwin93@chicagotribune.com', '$2a$04$sy8mJdqrD1Mu5JDIOtrlN.cQGgerKDZCZVu.0Jj66ZW3Q7IT2gj6u', 1),
(329, 'Darleen', 'Jordine', '0000-00-00 00:00:00', '750-12-3925', 'djordine94@gravatar.com', '$2a$04$9Bln7JHwBM2b79Hbp3DSW.dGboNgvSRo9VpZklyvqKlxs8eSJ89zy', 1),
(330, 'William', 'Gadney', '0000-00-00 00:00:00', '247-43-9981', 'wgadney95@miitbeian.gov.cn', '$2a$04$d8VHeas9iyIMnBdEs6fLTO0/e1eIfjKxpJhqF.9KMLWJpRkOyi4EK', 1),
(331, 'Ingeborg', 'Shoute', '0000-00-00 00:00:00', '156-78-0360', 'ishoute96@ycombinator.com', '$2a$04$W4cYppt/aBGdYDBES60j7uuwkX2SnneiMX.aOK1wxza5IoI/iUiuq', 1),
(332, 'Beilul', 'Buchett', '0000-00-00 00:00:00', '191-36-2557', 'bbuchett97@shareasale.com', '$2a$04$iKd0XuJ71imeReYOUTp9U.7g1jRFzZXauIh8Uq3TsfeOZ6IBBaIW.', 1),
(333, 'Rozella', 'Wattins', '0000-00-00 00:00:00', '770-99-7148', 'rwattins98@answers.com', '$2a$04$Bblx9gurrTvh/Ik0lnxQ0OXUj4go5ciRAr6LdgWwpgotu0Nf06VkK', 1),
(334, 'Nelia', 'Murfin', '0000-00-00 00:00:00', '576-38-8659', 'nmurfin99@spiegel.de', '$2a$04$ckxNFGey7dlXfE.EsUnMR.a4X85BMGdbMEb8Smaj9SZB1v7vWArTq', 1),
(335, 'Leonora', 'Torregiani', '0000-00-00 00:00:00', '102-76-3288', 'ltorregiani9a@linkedin.com', '$2a$04$GbCOA2fh9hOWQI6Dj/0jKe6Y8SrBKyDIQ0TI6TXATPDIXgC4B/fGe', 1),
(336, 'Alisun', 'de Copeman', '0000-00-00 00:00:00', '512-88-7895', 'adecopeman9b@youtu.be', '$2a$04$sINv9kcT3VG3XQh10LXYT.bggIB6bK.LMy3J82vd5e2tTLVVbJGGS', 1),
(337, 'Barthel', 'Rickarsey', '0000-00-00 00:00:00', '586-11-0324', 'brickarsey9c@ustream.tv', '$2a$04$fwjVXDCTpk4TzQF5f86r8e8VUe.yENmtdh4Cq//fbNlCBaX2luS.K', 1),
(338, 'Gypsy', 'Buck', '0000-00-00 00:00:00', '374-73-2510', 'gbuck9d@linkedin.com', '$2a$04$d.hZqCdv0lxy9fosfDi0Xewbrpnsum.1EpTbhxAWFw9/pjUoN7VAC', 1),
(339, 'Nettle', 'Blanden', '0000-00-00 00:00:00', '263-99-9628', 'nblanden9e@illinois.edu', '$2a$04$33QmkKA5Bo/AVuODRkX6guNi3J8HIg2gFj9uip7MT1PyOYhvkLFvq', 1),
(340, 'Millie', 'Leidl', '0000-00-00 00:00:00', '773-58-9100', 'mleidl9f@sciencedirect.com', '$2a$04$D8F6BIlj.YVDBHwbr/XwG.ym69pAql8wl6Ibn0nosylSAPUcrrEbe', 1),
(341, 'Bartel', 'Checkley', '0000-00-00 00:00:00', '199-77-7218', 'bcheckley9g@google.de', '$2a$04$ufbsZ3w7W/f8MX8QCx4EoeEfSr34dl0IswGeMA8rJaPQ6Ofzh7lrK', 1),
(342, 'Melonie', 'Christiensen', '0000-00-00 00:00:00', '403-64-6834', 'mchristiensen9h@clickbank.net', '$2a$04$ScVzlzoED0wmED41JwKCfuOEhAkr5dw7EMkD4S6XD/ku2Y.JhB5G2', 1),
(343, 'Lauree', 'Heady', '0000-00-00 00:00:00', '551-77-6183', 'lheady9i@ustream.tv', '$2a$04$C7476qZ3ErmJ/EJIp6R7wewKvRhVxtaaP7WlmhN8AYziabMJAfrhS', 1),
(344, 'Zilvia', 'Rudgard', '0000-00-00 00:00:00', '845-08-4086', 'zrudgard9j@slate.com', '$2a$04$rDgrs/hCSGFWoTHE9HBG4.dsjUWFR9jREC/oXP6TqirwCxiYhBk1q', 1),
(345, 'Michelle', 'Sherbrook', '0000-00-00 00:00:00', '765-61-1709', 'msherbrook9k@mediafire.com', '$2a$04$GIb6BpatlhdqBdjLV3NY1uPo9T722ZFS.EeqfA7aj4mqCYeB.qCEm', 1),
(346, 'Cate', 'Valens-Smith', '0000-00-00 00:00:00', '732-12-6689', 'cvalenssmith9l@dyndns.org', '$2a$04$YlyKXaoaXi1E5ObEzd4Y.OiJxComkAnqK5pOrJYJ/0SlHe1wWus2q', 1),
(347, 'Felisha', 'Tipperton', '0000-00-00 00:00:00', '241-85-8925', 'ftipperton9m@yale.edu', '$2a$04$NqK4EgPAs9XNcRuhqU.TGu3apAHtDmrdR95DdcyCbikER5Ek0VKd2', 1),
(348, 'Dorthea', 'Brassington', '0000-00-00 00:00:00', '641-90-1732', 'dbrassington9n@bloomberg.com', '$2a$04$DDZJNwmXktwP9o8dS7WTN.28CboGt7rPmDk5zDE1oMPJsGDzTqFay', 1),
(349, 'Theodora', 'Matevosian', '0000-00-00 00:00:00', '722-62-8809', 'tmatevosian9o@wix.com', '$2a$04$920GSdQtY0lwKp./6svZoecBMVfjMhBHJxNRePIfyi0sAbO0SX4z.', 1),
(350, 'Jodee', 'Achromov', '0000-00-00 00:00:00', '882-15-3428', 'jachromov9p@reddit.com', '$2a$04$KgpNW07THNgEW.jhAyLVg.NDnwMeGq.ActcKmD7Jn9F8/SU13AHo.', 1),
(351, 'Maure', 'Medlar', '0000-00-00 00:00:00', '202-50-9324', 'mmedlar9q@rediff.com', '$2a$04$DwPJA0Y45PLijcgg5lgGmu8MzBElg6MylzdiGoULlqSF.8f1rzunu', 1),
(352, 'Daryn', 'Himsworth', '0000-00-00 00:00:00', '340-61-7603', 'dhimsworth9r@home.pl', '$2a$04$Kzens1y5yppshscKsgTpX.n68mdWEUbSJ5RqOB2sj2Zzpn.Wt2Ayy', 1),
(353, 'Gerri', 'Fawthorpe', '0000-00-00 00:00:00', '110-12-2062', 'gfawthorpe9s@sun.com', '$2a$04$1VpgdUWjKlNgEluTJeEzReDa4J/SLAYvDuX6hSAPdPhzFjKs8LjMa', 1),
(354, 'Adore', 'Kowalik', '0000-00-00 00:00:00', '123-80-2631', 'akowalik9t@technorati.com', '$2a$04$IqRjV5JMlnYIYvYQFjDahemAQI63rqvtj9u2LXatEGQkI6a7bao56', 1),
(355, 'Borden', 'Waddams', '0000-00-00 00:00:00', '284-83-2830', 'bwaddams9u@marriott.com', '$2a$04$Gor6GrMo3nZA1V0b2/vW.O.uRAJP4.4iwS1MfQydukow6c44TC7Xi', 1),
(356, 'Farley', 'Juanico', '0000-00-00 00:00:00', '383-67-3749', 'fjuanico9v@senate.gov', '$2a$04$WTiZwkhrkrx.NCM9Esn55uAG3bhYs9qrPbcvF59tx7Gq2ChgQF9dy', 1),
(357, 'Genna', 'Haly', '0000-00-00 00:00:00', '333-57-2074', 'ghaly9w@narod.ru', '$2a$04$tvgXV9k4211QQrOjgvdbfekoOGR315bJAJuNo6YSAEp8QilQkJNJq', 1),
(358, 'Jacques', 'Akker', '0000-00-00 00:00:00', '506-19-1948', 'jakker9x@youtu.be', '$2a$04$X6OgIsxpC/ZpkZXOL6C6gOQk5736xYKddPjV0YV/KHll7hkeniI12', 1),
(359, 'Oran', 'Alster', '0000-00-00 00:00:00', '345-76-5999', 'oalster9y@sohu.com', '$2a$04$bH1boYWpUdx8a2UaC1a0VerwIw6yq1VucQlC16HQwm.MZhnBgRdFa', 1),
(360, 'Marketa', 'Bront', '0000-00-00 00:00:00', '125-35-1523', 'mbront9z@cnbc.com', '$2a$04$1fQzAscS52LEAY/utA9dEuWNUqwaI0l5vjF7Y8KwPLjnUw.e4LWIO', 1),
(361, 'Halette', 'Houldcroft', '0000-00-00 00:00:00', '261-73-4084', 'hhouldcrofta0@t-online.de', '$2a$04$qaxCe/Y3gRvbbxLc0NkST.pFC9wJvqa/4pSnVBUj5o025nxtY57kW', 1),
(362, 'Marta', 'Cooper', '0000-00-00 00:00:00', '480-57-4990', 'mcoopera1@sourceforge.net', '$2a$04$Qo1srv3N2UoZqOdcztGliufpC/9LeoFBJZpPblPsDxdrOD/de3//W', 1),
(363, 'Sam', 'Bleything', '0000-00-00 00:00:00', '352-90-0127', 'sbleythinga2@oracle.com', '$2a$04$HB72l5v.30t3YtIbEj.3LOQC.BFudmSJeWJg2QEuWuTnAghXuzRFO', 1),
(364, 'Ursula', 'Guisler', '0000-00-00 00:00:00', '541-15-9241', 'uguislera3@domainmarket.com', '$2a$04$NRsDMluD8p.8Nfa/bNfcieyxJDQZFnApMCCGueQtmq9pYkkAraGdC', 1),
(365, 'Karlis', 'Braunter', '0000-00-00 00:00:00', '160-76-8927', 'kbrauntera4@feedburner.com', '$2a$04$uz3yKEhWh7OSiRowoZCJ9udkFlyQB4XADvKAipZKCLhPwFeHYmkg6', 1),
(366, 'Charil', 'De La Cote', '0000-00-00 00:00:00', '282-98-8160', 'cdelacotea5@walmart.com', '$2a$04$JnbGi1P.qgGCBNXjHxVVeezgZClIhsXUJx3Xlbw99KDhFl3ZCsQjy', 1),
(367, 'Elane', 'Joskovitch', '0000-00-00 00:00:00', '606-72-8589', 'ejoskovitcha6@wix.com', '$2a$04$Ts3E.jFdc1OgdCURTWzHRudGG/q55gcnJdMSCDKJbI2c4KUFmE8BO', 1),
(368, 'Lily', 'Dobbins', '0000-00-00 00:00:00', '114-36-5499', 'ldobbinsa7@google.ru', '$2a$04$ku5P2.0o7k61i9tsr7yt1.4T7qJxGPWwzM0RcaHg1WfCtpQsRfdVS', 1),
(369, 'Garrek', 'Ovenden', '0000-00-00 00:00:00', '479-60-6284', 'govendena8@tinyurl.com', '$2a$04$dACuM9Wx41qTDtScOSt/k./OtuZhFuOJC3Ohj9q0SZyq1TsnmOH4S', 1),
(370, 'Shawna', 'MacKeeg', '0000-00-00 00:00:00', '620-71-0162', 'smackeega9@liveinternet.ru', '$2a$04$e5z7BnosvmKgFjgg5fzk8OaSDw7wKMnbPpafkiTFbuRxQZOguzgAC', 1),
(371, 'Celinka', 'Mault', '0000-00-00 00:00:00', '102-98-0351', 'cmaultaa@1und1.de', '$2a$04$74eW0qipCEIRcxw9VXWNOORTGr4Z0ncmRwL.gTjapJcU3r7pgGPfC', 1),
(372, 'Reginauld', 'Cisland', '0000-00-00 00:00:00', '566-81-4501', 'rcislandab@smugmug.com', '$2a$04$iCTzA5JRNvAJIiGpVvv5CO.wkhBWCMR21ifRIyem6hfEYC40aIA/e', 1),
(373, 'Feodora', 'Guerriero', '0000-00-00 00:00:00', '441-55-0526', 'fguerrieroac@arizona.edu', '$2a$04$wi4i2fScHoWkUsMA0KciCu3j4fa0RxNpb.cxBF9KTPdUpeYsPpo5a', 1),
(374, 'Alisander', 'Braunter', '0000-00-00 00:00:00', '328-27-3025', 'abraunterad@over-blog.com', '$2a$04$ELC7e94dA9fvniQQzyesqeCbNaOc9eOhW4yxf9tO/a154eNgPHGS.', 1),
(375, 'Taddeusz', 'Kettlestring', '0000-00-00 00:00:00', '694-72-4748', 'tkettlestringae@diigo.com', '$2a$04$KklyRRkZZIEikaqEUcCxLeGYFSXy0Ddm1DXLwPktnl.ABw2kwElF2', 1),
(376, 'Waiter', 'Horley', '0000-00-00 00:00:00', '501-63-9970', 'whorleyaf@baidu.com', '$2a$04$CUIDnrA0tJR520NC5v/wI.LEGbQbjhfLut.Ggul2b8lkbGq.eXlXa', 1),
(377, 'Brooke', 'Sarl', '0000-00-00 00:00:00', '898-96-7043', 'bsarlag@discuz.net', '$2a$04$.hJZXTn0KYDIsiNuc8DeLOik9hco3JuyMP9mNRkzHPv4999FzCqdK', 1),
(378, 'Rainer', 'Jouandet', '0000-00-00 00:00:00', '873-92-3596', 'rjouandetah@amazon.co.jp', '$2a$04$0wv9EsQwNfYenKLx3vGAyeBKCdxH75QFU6LSc43.wpZAFyLvxR6g.', 1),
(379, 'Travus', 'Elcock', '0000-00-00 00:00:00', '647-50-5315', 'telcockai@craigslist.org', '$2a$04$lykBAl1gkDGPCzu.G63tzeeOlWde03msZ4QfTCp2g2Hj7keqRhzWS', 1),
(380, 'Ileane', 'Muck', '0000-00-00 00:00:00', '238-25-3596', 'imuckaj@google.cn', '$2a$04$SUkWiqm6VG4k4mRtngnIEe9LIj137juW7RQIbXRDKiK5Llv5Cd4RG', 1),
(381, 'Rodrigo', 'Casson', '0000-00-00 00:00:00', '507-19-4658', 'rcassonak@ycombinator.com', '$2a$04$6WcN6v8SnYjtk/PBinc6YeWTqW58m65Y.4ikHxoJQntn1tsw6mEM2', 1),
(382, 'Modestine', 'Knightly', '0000-00-00 00:00:00', '863-19-2317', 'mknightlyal@smugmug.com', '$2a$04$jW7RWaaAJHMD6XKkqZ7P/e.8X0mxgRdMrUd9c/xdLTYaTptEiF4Mu', 1),
(383, 'Dallis', 'Doxey', '0000-00-00 00:00:00', '312-33-3996', 'ddoxeyam@woothemes.com', '$2a$04$Va07kK8fKKOLCSrDYAx7RuQGQpRVN2mhLUNh6CLDRUM7Nlq9q1Raa', 1),
(384, 'El', 'Creeboe', '0000-00-00 00:00:00', '231-28-0790', 'ecreeboean@google.com.br', '$2a$04$4gn6ILCEcXNrZofkj/PR7.sMfRQg9EL1Ka06jXs1gw6Wp1rGqlkYy', 1),
(385, 'Corinna', 'Goalby', '0000-00-00 00:00:00', '726-30-3191', 'cgoalbyao@timesonline.co.uk', '$2a$04$VxgVZT.NIRVikJ0hl5xRzuQvhqNeNVHxwPpzb/KRyEMM3GMqNa64W', 1),
(386, 'Georgetta', 'Baudins', '0000-00-00 00:00:00', '770-89-3722', 'gbaudinsap@moonfruit.com', '$2a$04$RSfi4igDbJah7SnTeTK/u.6x9T1O2adO4W4O43Ng5XoUc4.zBBO4C', 1),
(387, 'Petronille', 'Barrick', '0000-00-00 00:00:00', '782-62-4001', 'pbarrickaq@indiatimes.com', '$2a$04$ECJjKhQI2vCzci8Cq36rwuCFZay2sFA59UTLUImHZ9Fal5rL7RQ7S', 1),
(388, 'Scottie', 'Brindley', '0000-00-00 00:00:00', '356-99-3706', 'sbrindleyar@virginia.edu', '$2a$04$TQmoBklEdC6b/9xuFgLsEOtOw4IuTKcchFwp9c8pAy5LpNH/B1v4G', 1),
(389, 'Gail', 'Gogerty', '0000-00-00 00:00:00', '484-34-8202', 'ggogertyas@marriott.com', '$2a$04$diPaXPxrrhZahHy/6uH66u5h4ABK4nudkql3sKncTOgb1IyL7vp8q', 1),
(390, 'Cathie', 'Spriggen', '0000-00-00 00:00:00', '150-85-6043', 'cspriggenat@buzzfeed.com', '$2a$04$pZcH5ier6cosQmQjS98S6.b.lQdA9cfJb1CWCpIc0Bga5sVlyQgta', 1),
(391, 'Tully', 'Keough', '0000-00-00 00:00:00', '588-19-0943', 'tkeoughau@eepurl.com', '$2a$04$SBQ9vebtHSMatfABhN6y0uF6StSquc.8DEZqMCHDIaN0tTj0iZsPq', 1),
(392, 'Tandie', 'Tadgell', '0000-00-00 00:00:00', '184-10-4852', 'ttadgellav@nytimes.com', '$2a$04$H3PRxb.yQCND0wXmZxss2eDYqxKP3BgXvNTNBc4ac/RVhxIxogtTq', 1),
(393, 'Ogden', 'Widocks', '0000-00-00 00:00:00', '511-17-9069', 'owidocksaw@furl.net', '$2a$04$NTAjgwl4fbny1O7rVeimHu4B7MAuNg1Rx8YXMPSvX2YX4yAF2gjvS', 1),
(394, 'Lydie', 'Barbosa', '0000-00-00 00:00:00', '365-42-7541', 'lbarbosaax@hao123.com', '$2a$04$XzLZcao2.jaorXzBIOHaROvxWBgAl7.ZD.At6r19NfV40sAxA7g32', 1),
(395, 'Jessy', 'Brunsen', '0000-00-00 00:00:00', '867-10-0365', 'jbrunsenay@walmart.com', '$2a$04$aT3mSwj.KjonKBgJsx8CHuU/lN6orcUc0hm/OLZOIDeNsCt7tndP.', 1),
(396, 'Carmelita', 'Lemmers', '0000-00-00 00:00:00', '729-78-6168', 'clemmersaz@tuttocitta.it', '$2a$04$mV1CK3mTVTEknkyvQKfMrOX1L0d8FnTTOGRAF2ehgBwSZtBBvra16', 1),
(397, 'Florry', 'Pirazzi', '0000-00-00 00:00:00', '436-88-7617', 'fpirazzib0@myspace.com', '$2a$04$fuQ0prnvS0dlFYl2prsjqucTk1CJi3UgOl5LB1qjjiPq6vXZPKLvm', 1),
(398, 'Margaux', 'McGuiney', '0000-00-00 00:00:00', '120-25-2308', 'mmcguineyb1@home.pl', '$2a$04$ZwzOYgfFRK2FKZjYbATuQufc69qJsbMe8iJYdx/s9iW3SNXkoFjeG', 1),
(399, 'Leslie', 'Blais', '0000-00-00 00:00:00', '741-46-6168', 'lblaisb2@psu.edu', '$2a$04$OIbZgAQ/M6yPoAhun4A6MeJMdjU0YUQKNZgAJZpYw05NdZccXclby', 1),
(400, 'Allison', 'McIlriach', '0000-00-00 00:00:00', '272-29-5112', 'amcilriachb3@nsw.gov.au', '$2a$04$oAdZd3uAKGMyaM/mrlqHOeCZsXhvLuNtkBAb9KKMGYSdH0iSUasw2', 1),
(401, 'Porty', 'Spiniello', '0000-00-00 00:00:00', '861-46-6241', 'pspiniellob4@arizona.edu', '$2a$04$6fZafd49/zL5bsZxHo1m3.aZDTTKo3cvamcoKkXGK9IwnNZWpRvOu', 1),
(402, 'Viki', 'Milburne', '0000-00-00 00:00:00', '428-05-6334', 'vmilburneb5@booking.com', '$2a$04$E7j6ivJaRRvebEYry4fWOO8ihxVa24g5GWGvJQ24MPnxekHg9DJ0u', 1),
(403, 'Buddy', 'O\'Brallaghan', '0000-00-00 00:00:00', '262-53-2523', 'bobrallaghanb6@mac.com', '$2a$04$Em.1Kz9i1DUlaf5l4/vjAeQC4Bipf6PKwNT5Jvh1z0w6PdAjfjnqy', 1),
(404, 'Darcee', 'Valentinuzzi', '0000-00-00 00:00:00', '441-19-8470', 'dvalentinuzzib7@123-reg.co.uk', '$2a$04$/.hKnOhIfrRBJ899KaELRekfOCv4Lf5nHQ7L/Gib46YOHtnriBDAW', 1),
(405, 'Margalo', 'Wickersley', '0000-00-00 00:00:00', '495-83-8625', 'mwickersleyb8@admin.ch', '$2a$04$yuzUB3Rp2/F8jUCl18DTsOvJH4FuCOVM2.LY5Xi480DaB/CGGAcei', 1),
(406, 'Agosto', 'Sherburn', '0000-00-00 00:00:00', '593-86-9483', 'asherburnb9@infoseek.co.jp', '$2a$04$CAK1kcSIGVLmpfLlUp1wd.t0.NLnqnUZbnSD6RQ0SoPSpKOUgZVe6', 1),
(407, 'Madlen', 'Eller', '0000-00-00 00:00:00', '388-09-1064', 'mellerba@issuu.com', '$2a$04$GcNW48qRgPnUHT4DlT/lmedfKTFKAz3yFGgk1WnClNCohwNosutrO', 1),
(408, 'Ravid', 'Faulds', '0000-00-00 00:00:00', '690-59-6076', 'rfauldsbb@vistaprint.com', '$2a$04$ewCuWewNq4crDR3Pchw.7uoyoO73E//34cjvMLtqdi/.wiJr0c7g6', 1),
(409, 'Colman', 'Quarless', '0000-00-00 00:00:00', '545-72-1550', 'cquarlessbc@mozilla.com', '$2a$04$08na02cfV.kwVkFtMKxvW.mySsoxQtCYIUd28bEP6sWfZw1XW5dGu', 1),
(410, 'Andy', 'Bamborough', '0000-00-00 00:00:00', '105-24-3651', 'abamboroughbd@theatlantic.com', '$2a$04$W6GAfFYfEkz0IP7sYDZzu.7gigsQyJQpEhJYmGPzXjxHs19UvDJSm', 1),
(411, 'Averil', 'Morrow', '0000-00-00 00:00:00', '507-44-7463', 'amorrowbe@webmd.com', '$2a$04$lo5H6j/rUp0IgEupFJeMOOEKh7mxwknD9b6QLWAb7/rrRfBJKyL0a', 1),
(412, 'Birgitta', 'Kwietek', '0000-00-00 00:00:00', '540-24-3109', 'bkwietekbf@apache.org', '$2a$04$sLziSND1EnNJB8F4mHIj5usn/tgxFzgNwQXULOnbfDdm5oXoVhfyS', 1),
(413, 'Tirrell', 'Cashmore', '0000-00-00 00:00:00', '647-67-5931', 'tcashmorebg@meetup.com', '$2a$04$.IcuMF59LwpUaIzMC0K7nuk.8Tf5fjixPARPEM5FbL7vxp6jnS18m', 1),
(414, 'Nisse', 'Edlin', '0000-00-00 00:00:00', '886-93-7088', 'nedlinbh@jimdo.com', '$2a$04$oA7.hK53HeBzxOpxMBM1wuwzv.M3l3vSQFEIdC945Nl5hKo/rJkYi', 1),
(415, 'Lilith', 'Pirrone', '0000-00-00 00:00:00', '570-61-6511', 'lpirronebi@boston.com', '$2a$04$LPHVdDtEsMsHg3sRehI5F.mlRLcst9bUKCqsEvAIc3sGgpGJo8wbK', 1),
(416, 'Magdaia', 'Veal', '0000-00-00 00:00:00', '830-22-4043', 'mvealbj@springer.com', '$2a$04$UodK4jixuoDjdBxiE7iMGuAHgQZrhmG6LoEwdGmlAsws2GBEJ9C6W', 1),
(417, 'Miquela', 'Izod', '0000-00-00 00:00:00', '886-64-0151', 'mizodbk@cdbaby.com', '$2a$04$l.cAPSavAe6QRnwVBgWtrOl..1JUrj4ltAEaR7jpCEvy2SLXKZlFu', 1),
(418, 'Kamilah', 'Gooderson', '0000-00-00 00:00:00', '238-26-8786', 'kgoodersonbl@nifty.com', '$2a$04$Wz5fX54P9mECeMLjz4JpV.PWa8dYIvMEUlpWBZiIn13dJ1VAWSgQW', 1),
(419, 'Elsa', 'Steptoe', '0000-00-00 00:00:00', '601-27-5027', 'esteptoebm@sakura.ne.jp', '$2a$04$/5oNkU7g6YKHjHP4Ve33BusASuh5q2ny/f.THvEu.I/6Yw8/3/e7W', 1),
(420, 'Renado', 'Collum', '0000-00-00 00:00:00', '644-97-6856', 'rcollumbn@aol.com', '$2a$04$czi3AnxCOCC7M5iyJaTQWOPfFj4ItQgnnbHzoapORfK4cup930Iia', 1),
(421, 'Georgie', 'Delgardillo', '0000-00-00 00:00:00', '830-14-3246', 'gdelgardillobo@squidoo.com', '$2a$04$tGu.9yBU9Shqdg2ystFDx.BKPwivZZf4TyQJdrSc00t4DmOHibxxa', 1),
(422, 'Nero', 'Absolom', '0000-00-00 00:00:00', '109-73-4500', 'nabsolombp@salon.com', '$2a$04$It6inTFjOsVPZaveSUWLn.ykSEJ9pyjY.uW3yEcVfPwHmu8wbgt4a', 1),
(423, 'Paige', 'Blance', '0000-00-00 00:00:00', '383-34-2910', 'pblancebq@businessinsider.com', '$2a$04$SF5LG4hunEJLhWPoVRhbxuwkmR70mD8B932jLmh5VYrT4W07XU/fe', 1),
(424, 'Etty', 'Hubbock', '0000-00-00 00:00:00', '226-27-8657', 'ehubbockbr@cyberchimps.com', '$2a$04$udE1ENoRiSy5W8H7zga1CuaEbCoXaFvZJ/kXycFqNchbsGVqOnbUW', 1),
(425, 'Hobard', 'Pautard', '0000-00-00 00:00:00', '658-58-2532', 'hpautardbs@cam.ac.uk', '$2a$04$1i8b3glLCzoCaqbIJJsEfulwrrIQtgnL7JtLd9cK/Oh5ow0Afluvi', 1),
(426, 'Jaynell', 'Yakunchikov', '0000-00-00 00:00:00', '423-77-5577', 'jyakunchikovbt@dailymotion.com', '$2a$04$ZcjohQfO9CDEWv9BQ0voW.a9L.NHWGoz0fRPpCdfMpW0S3U6vHSoW', 1),
(427, 'Pegeen', 'Lemasney', '0000-00-00 00:00:00', '150-88-0413', 'plemasneybu@arizona.edu', '$2a$04$wBTqvFqMdKVRyd9ToRC9Cesq.89zPOVAyTvCrOQi9tDsy/N2svQNW', 1),
(428, 'Irving', 'Scolland', '0000-00-00 00:00:00', '881-36-8062', 'iscollandbv@latimes.com', '$2a$04$DwFvHsSn1Ph4kpwf6OuI2.MQ84AriPviLQTl6BqFZZsjyVtYHEB8m', 1),
(429, 'Johnna', 'Perazzo', '0000-00-00 00:00:00', '207-53-0805', 'jperazzobw@ucoz.ru', '$2a$04$QklUJWGcnW4aLtr.sNRVt.X7HanBclJ9oDSl3QXUw7IelOsSk1Jpa', 1),
(430, 'Brockie', 'Galliver', '0000-00-00 00:00:00', '787-86-4738', 'bgalliverbx@fc2.com', '$2a$04$qZVu6tCoLu.ZFGts0NShRe8jQKNcLsFRYMzahHa5ZqWD2btGHz3A.', 1),
(431, 'Edie', 'Orpen', '0000-00-00 00:00:00', '704-20-0110', 'eorpenby@latimes.com', '$2a$04$JUUuDZHMpakBadgEIN5XiOUETvl.dPzbx1C6GP3DTnIjAnr4SAxv.', 1),
(432, 'Gaspar', 'Busfield', '0000-00-00 00:00:00', '833-44-6041', 'gbusfieldbz@cnn.com', '$2a$04$YZn6/b3AFmfAW.DI8dsG/u02AYI5zxNS5pgDza6jQO.oMkur9Nfje', 1),
(433, 'Katerine', 'Phifer', '0000-00-00 00:00:00', '515-28-9088', 'kphiferc0@nsw.gov.au', '$2a$04$Ym58xFoBx25cfsBkHFTqxudG5UUXNq3VGkPAiJEzFykt94PjjbxjW', 1),
(434, 'Kin', 'Laffoley-Lane', '0000-00-00 00:00:00', '742-47-9872', 'klaffoleylanec1@printfriendly.com', '$2a$04$KjST9xNJ4SmrDHF2loZ4w.OU7hKKndu0XF10kiqIz/n5VBHqTpJAa', 1),
(435, 'Rossy', 'Gough', '0000-00-00 00:00:00', '687-84-4933', 'rgoughc2@themeforest.net', '$2a$04$A9bz9Jy6vhlDisQMIpNXBO78NUpyO3Wnp9YhYHyEaGVOEokI2NQXG', 1),
(436, 'Jacquenette', 'Shearer', '0000-00-00 00:00:00', '180-57-1616', 'jshearerc3@privacy.gov.au', '$2a$04$YjHcDAWprxtp9g5ZFKvnoeSzdxubS08TxszaPXuEolSWxY0dwjWgS', 1),
(437, 'Madelon', 'O\'Cannan', '0000-00-00 00:00:00', '146-34-4204', 'mocannanc4@yelp.com', '$2a$04$QMIkUgSXqW4EFnvJMroBjeiGHKt3XNLpzTtPrU.ESgOMwXV3lnTlq', 1),
(438, 'Hynda', 'Linnell', '0000-00-00 00:00:00', '562-36-2708', 'hlinnellc5@google.co.uk', '$2a$04$1pZTK63xdACL0qWjUi.WSeEPXr8KWuONIS07OMp0XchmMKYRO3RQe', 1),
(439, 'Freddie', 'Cruden', '0000-00-00 00:00:00', '881-39-6497', 'fcrudenc6@census.gov', '$2a$04$jjNihynOFWuusDXN/ml1zOpNtg6Kh4s8ZpayTDEs87ipFASKHd5AG', 1),
(440, 'Dillon', 'Brotherheed', '0000-00-00 00:00:00', '714-43-7409', 'dbrotherheedc7@yolasite.com', '$2a$04$QtvgCriSbJOan5Df2nZkNewKkVoRJQNcUKGMprZ6zTJc9T/rqmu7m', 1),
(441, 'Farrel', 'Rodnight', '0000-00-00 00:00:00', '581-97-9365', 'frodnightc8@timesonline.co.uk', '$2a$04$ZaP/XsGaEAktwCaeyHoN4egg/kv/neyI/8O7/iPr7b0OnoT3fI3.W', 1),
(442, 'Archibold', 'Kamienski', '0000-00-00 00:00:00', '265-46-1153', 'akamienskic9@networkadvertising.org', '$2a$04$32HHWILLGKvj1Wd9r.APMO.Refkd0VHwi.vcKoEdjbnSbVVmSUkRe', 1),
(443, 'Nora', 'Villar', '0000-00-00 00:00:00', '521-12-1083', 'nvillarca@paypal.com', '$2a$04$3ViB/WGccaOcoiUqrDbpluotrlwz90tIwOmGwoFlYjMP0kk6j9wQi', 1),
(444, 'Freida', 'Kield', '0000-00-00 00:00:00', '297-51-6575', 'fkieldcb@noaa.gov', '$2a$04$Xn9uQHW5l/DNkuYR1ZBpl.e1GDjuGV/VFQXME5wZJ9tlSEqJVPnge', 1),
(445, 'Erminie', 'Paule', '0000-00-00 00:00:00', '213-58-5073', 'epaulecc@jigsy.com', '$2a$04$6Wa4Ryo5l9J3cJ74yOO1FuESqzOHQWGsJEdcwdCPEuGMRCkhJV3te', 1),
(446, 'Ailene', 'Trowsdale', '0000-00-00 00:00:00', '270-22-4321', 'atrowsdalecd@wiley.com', '$2a$04$LaxXffi/n5bqQn7nvMWqrurY/lLkcvPQJ4ObgAZfMPTVimX2Wg2vC', 1),
(447, 'Evin', 'Cyster', '0000-00-00 00:00:00', '480-44-2042', 'ecysterce@wunderground.com', '$2a$04$ZfjeOdxLk.iWZoh6eihx7O/w4CrBWnjN.R0XJce41K6njqlaA/XDa', 1),
(448, 'Cyrill', 'Yeardley', '0000-00-00 00:00:00', '623-31-9555', 'cyeardleycf@artisteer.com', '$2a$04$RDckH4.A3QJyJz5DtEqLj.dUHPtt7C28Ig86JMo.WBFKV5J4FHuwe', 1),
(449, 'Aksel', 'Di Domenico', '0000-00-00 00:00:00', '340-52-3423', 'adidomenicocg@dell.com', '$2a$04$1cgYfpi2i/8hVfHC04LaLOJvaeRTU46ousmeMg7JPkCHr/xTsYATu', 1),
(450, 'Carlee', 'Filippi', '0000-00-00 00:00:00', '126-36-4842', 'cfilippich@tinypic.com', '$2a$04$73eYuh8qw6iyNqUToArbo.6IuwpJ7ucT6c2zxvUe8x2AEGoP6lfW.', 1),
(451, 'Eugenie', 'O\'Dunneen', '0000-00-00 00:00:00', '618-29-0192', 'eodunneenci@zimbio.com', '$2a$04$vruvLhn02U8ZN66A.h1Zl.6ySuMiFru3gNVPkjW5CwteNv5MTgmn6', 1),
(452, 'Gerri', 'Fuggles', '0000-00-00 00:00:00', '793-85-6854', 'gfugglescj@cbc.ca', '$2a$04$FIEB.DL7nKwKqgIokgMF7ekjYbYil92QkAk2InKW.9td9mQzpVu8C', 1),
(453, 'Yevette', 'Canadas', '0000-00-00 00:00:00', '448-34-6481', 'ycanadasck@pbs.org', '$2a$04$hKLpqV3n8T9NLKcienyIjuFB7vXNjArozcLjV3W56OHDtKXiKvTAm', 1),
(454, 'Dick', 'Saltmarsh', '0000-00-00 00:00:00', '144-35-9099', 'dsaltmarshcl@example.com', '$2a$04$k2rqsSmJA.lVosOYCmWtGuA61KiYqyBTxkcKsav5oYt/5.HnDPVbS', 1),
(455, 'Kort', 'Tidridge', '0000-00-00 00:00:00', '383-18-0037', 'ktidridgecm@feedburner.com', '$2a$04$.XVDfq3GVjRJXlNKAsdFTOghvg2TH2q0b.S8ZxUYnRQLSicFaTXv.', 1),
(456, 'Dillon', 'Luce', '0000-00-00 00:00:00', '444-65-3530', 'dlucecn@desdev.cn', '$2a$04$0Pl2iAuBVz3LxApU/XFwduikVUB6L0puDT3faQGPD0mN.b2E/nq5q', 1),
(457, 'Kilian', 'Halfhyde', '0000-00-00 00:00:00', '464-42-9918', 'khalfhydeco@pbs.org', '$2a$04$VNwTdrf/RyaFdA3uLm511OUSUG3Gcb/mkBN2KKHovj8koUHSuC3yi', 1),
(458, 'Erminia', 'Tynan', '0000-00-00 00:00:00', '829-16-8246', 'etynancp@thetimes.co.uk', '$2a$04$Ds.GrK75SqYuSqBAEk8JsufiZ1zDMEAdfTHnb5wbnMDO.ze7YLgbG', 1),
(459, 'Kiel', 'McIlvenna', '0000-00-00 00:00:00', '360-66-4679', 'kmcilvennacq@sciencedirect.com', '$2a$04$z8MMKSnNypsK3XBQL2g/5uZ57L7eJRKPZ/FhbgP.rqtlTUv9uPNkS', 1),
(460, 'Maryl', 'Antonignetti', '0000-00-00 00:00:00', '749-18-0408', 'mantonignetticr@google.com', '$2a$04$MA0epWrg8qQQcZ8C3nTSrenUOsGapQ1F6g0xtkoS9xg75QEQCEXQu', 1),
(461, 'Prissie', 'Sebring', '0000-00-00 00:00:00', '519-20-5599', 'psebringcs@tamu.edu', '$2a$04$krBAdIA82V42XPvI1QozSeHyrzlXo2xYptBwQCAzgBJ/fmxeEvXxS', 1),
(462, 'Regan', 'Dredge', '0000-00-00 00:00:00', '879-18-3224', 'rdredgect@blog.com', '$2a$04$cFvyceE1GOF5eC3u8dYxZOsD09GQAh3LdpEgRRD3Sa/5hYy6IjoXS', 1),
(463, 'Alf', 'Pavic', '0000-00-00 00:00:00', '538-46-2104', 'apaviccu@parallels.com', '$2a$04$d.Go.eUQwGIH1vEvbzTCKO4NE/qPyqA9dIYHW5R59IVgmdk506hcO', 1),
(464, 'Florian', 'Tacey', '0000-00-00 00:00:00', '408-48-9250', 'ftaceycv@nsw.gov.au', '$2a$04$Kq6xGsJetEeGSCgU9sxu4eBY8irjHSo8pjxJdidbviGA4Gx/CJiCm', 1),
(465, 'Irvine', 'Gniewosz', '0000-00-00 00:00:00', '452-05-3113', 'igniewoszcw@delicious.com', '$2a$04$2kqoZaEJ1I/i79XlzL8pmeYg1LkVosNheDwnuoZcSTIalq8.a2nsC', 1),
(466, 'Celesta', 'Clampett', '0000-00-00 00:00:00', '455-17-2094', 'cclampettcx@wiley.com', '$2a$04$.6lcc64zPlypCnv4gyvffe/4r4pnaGx1.dVq5VlSPomphX6o78Z8O', 1),
(467, 'Kerri', 'Hargey', '0000-00-00 00:00:00', '792-23-9165', 'khargeycy@ed.gov', '$2a$04$pNuza6cNoYsO9aCMifWNAukffGSOaOZ2Qx5PNyi4gkFvrs8ZlayPK', 1),
(468, 'Loretta', 'Mattussevich', '0000-00-00 00:00:00', '379-73-7998', 'lmattussevichcz@cnn.com', '$2a$04$QPjs/fYZKw1DNDeQgQ//Jem9an49s2jQb5I0Kd8Cf6O6QWdeVhi72', 1),
(469, 'Carie', 'Tax', '0000-00-00 00:00:00', '410-28-8054', 'ctaxd0@cbsnews.com', '$2a$04$IBrxXBx7txcZejhE6VWN5uhulmOfqoMMEu4p4aB4154rkm4xS2KNu', 1),
(470, 'Aurore', 'Code', '0000-00-00 00:00:00', '776-56-5544', 'acoded1@wikipedia.org', '$2a$04$FXpSKWzR4czPdCFqeXtljuZ8Hct6rGKphW/2z/i/ukfAckDmS6n/O', 1),
(471, 'Gaye', 'Quarmby', '0000-00-00 00:00:00', '123-40-5016', 'gquarmbyd2@cloudflare.com', '$2a$04$umLDopUxO0tBRetQj0LlJONG3Jj/4R10aUv7RFGRwsGDAJNe10jza', 1),
(472, 'Shoshana', 'Matic', '0000-00-00 00:00:00', '175-16-5160', 'smaticd3@gizmodo.com', '$2a$04$Q09QM5vokw95.yigWn52AOxNWU/CDzgQ8TB7b4/YihnhR70NoBZMa', 1),
(473, 'Dory', 'Tocknell', '0000-00-00 00:00:00', '733-17-7869', 'dtocknelld4@mtv.com', '$2a$04$nYMZ3YDHm3pk0vGKgytHQeHzX.INEZ0xJl/kzL6kFir9uTVgilRSi', 1),
(474, 'Reinald', 'McCooke', '0000-00-00 00:00:00', '148-54-1766', 'rmccooked5@artisteer.com', '$2a$04$dWOIgXoWxpV7jgTAEpsxVOsntuxKgPrPVSjwQ.yLSw1p0JCv9OrUK', 1),
(475, 'Leah', 'Rollingson', '0000-00-00 00:00:00', '214-52-1812', 'lrollingsond6@slate.com', '$2a$04$eLDZfCVTrBkDyf5JmQ.GG.E8y79AbYtSH/RdThuF.yyarkc3Fyk5e', 1),
(476, 'Nertie', 'Demsey', '0000-00-00 00:00:00', '215-81-7882', 'ndemseyd7@typepad.com', '$2a$04$usnN5wUmrR4dQKqaomnzq.bhuwqyaI.6dKEKuq4tCgNmYQaKfd4Ea', 1),
(477, 'Gabriello', 'Walewski', '0000-00-00 00:00:00', '442-98-4213', 'gwalewskid8@yelp.com', '$2a$04$fYSD4gP3xBFuAf36Iirfjubhf/6rC5.6I/4VNVsIg2s3Gy/QQEgOC', 1),
(478, 'Kym', 'Enochsson', '0000-00-00 00:00:00', '163-12-9094', 'kenochssond9@archive.org', '$2a$04$hs9XL5Wpm8EerS2QPw22m.btwG7qkmYxqXa6uUWq.3BiUt5EYZGk.', 1),
(479, 'Maryl', 'Milberry', '0000-00-00 00:00:00', '172-50-6872', 'mmilberryda@fastcompany.com', '$2a$04$GFcTTstN.WGRbRGs0W3bEOo5IZ7uPkjRt792mKIQDt94K9tFzRxuO', 1),
(480, 'Tricia', 'Aleshkov', '0000-00-00 00:00:00', '113-50-7887', 'taleshkovdb@soundcloud.com', '$2a$04$cGSQK/8AqJZH8zpiwXWTVOE.KM6BCerobc.vXHQzdB6ZAYNECZQ3C', 1),
(481, 'Marianna', 'Connett', '0000-00-00 00:00:00', '164-58-7860', 'mconnettdc@fc2.com', '$2a$04$haoBg.tPxQpWy.6AxU0K0.YhKi2fjRFt/uHQRrNBb0bg60rPnKbt2', 1),
(482, 'Zach', 'Coye', '0000-00-00 00:00:00', '799-72-1867', 'zcoyedd@angelfire.com', '$2a$04$vmkMN3COa2i.o0YZVGbQuOYjEROVhGthayAjHlwCkZV/1PFyMMxau', 1),
(483, 'Gloria', 'Bosomworth', '0000-00-00 00:00:00', '732-44-9590', 'gbosomworthde@sina.com.cn', '$2a$04$SvKH2HgdS.C3ULjCfGpf8ucjhQyl6nEQ4CPhJL7CIFno1YSQNHNW2', 1),
(484, 'Shanan', 'Broinlich', '0000-00-00 00:00:00', '555-16-4035', 'sbroinlichdf@imageshack.us', '$2a$04$cS505tcflf50A4pszbF1ce/tGPP2Hpp2ydksSickSvMaJ1COK4AEC', 1),
(485, 'Ichabod', 'Cantos', '0000-00-00 00:00:00', '561-37-1852', 'icantosdg@xing.com', '$2a$04$6411YYuxyHevKpiTXW6ItuUM/wH9t/TH6AdA8FH4D1ux7a.3yzfte', 1),
(486, 'Ebba', 'Maliphant', '0000-00-00 00:00:00', '366-21-9427', 'emaliphantdh@sbwire.com', '$2a$04$BHCHVmmMN2BT6ipduhVqq.jOs1nWB8a/r3Bzz3lGzG5HwIBNVD2yO', 1),
(487, 'Rudie', 'Strelitzer', '0000-00-00 00:00:00', '372-89-3433', 'rstrelitzerdi@independent.co.uk', '$2a$04$7W/tEALbiUN1QB3s5aZSb.HcJR5o8586Ee9/Pfjy6uQxtdoa3ZaCC', 1),
(488, 'Lexi', 'Kleinstern', '0000-00-00 00:00:00', '185-40-6158', 'lkleinsterndj@hud.gov', '$2a$04$EJM/ps2jUJiV583KY4sHQOcUHWo/opxZgP6T9K7iiGNtogp7Zr3Zm', 1),
(489, 'Brier', 'Anstie', '0000-00-00 00:00:00', '771-02-0206', 'banstiedk@si.edu', '$2a$04$JkbSC5yk3sXh44Ac/1LZ8Or7eTATDmFl9e1maa62uH9OzLTJ3yXUa', 1),
(490, 'Nathanael', 'Elderton', '0000-00-00 00:00:00', '588-04-5671', 'neldertondl@vimeo.com', '$2a$04$ToSlZmQJsr4XA/ZVA.MNRe1aEvVd09Xk7/0IwJ9xwaRvEdL9shYTG', 1),
(491, 'Ruthann', 'Maxwaile', '0000-00-00 00:00:00', '731-82-4375', 'rmaxwailedm@sbwire.com', '$2a$04$WGFH/38hrtbt849yLLdvBeI/XKdB.emsgAKfjl6qsEyZkUqcIf2/K', 1),
(492, 'Jory', 'Tremathick', '0000-00-00 00:00:00', '823-03-1606', 'jtremathickdn@weebly.com', '$2a$04$l7s4M9iOxltOW2UPuPdCeOy1Vs348/eReLkjsFpV0pTdDw/4.SLuK', 1),
(493, 'Herman', 'Holsall', '0000-00-00 00:00:00', '511-46-4171', 'hholsalldo@businessinsider.com', '$2a$04$A2SS/VD.MxXrfM/ve5fKnesZYddy3PRZb6KULlhQsPiqA4rgz2NK.', 1),
(494, 'Cybill', 'Bendan', '0000-00-00 00:00:00', '488-86-1477', 'cbendandp@salon.com', '$2a$04$Hzt9y1fBgffC8hBMiQHu2eBVVaGXH7tlV9KnthBQPH1cBBfVWUrAS', 1),
(495, 'Olivia', 'Hanbridge', '0000-00-00 00:00:00', '380-02-3962', 'ohanbridgedq@typepad.com', '$2a$04$7LtTj4Ozz3Af7Ufdwm8bjOkuW7mh3cXEkbIAQRPFKcgf9Nj4z2vTa', 1),
(496, 'Nicola', 'Bugdall', '0000-00-00 00:00:00', '142-04-3913', 'nbugdalldr@ehow.com', '$2a$04$O2QAuAkS0LPkxGn5dYs6QujHCFkxPiUtiS9uZU956rU97mOMCbUR.', 1),
(497, 'Adria', 'Jeayes', '0000-00-00 00:00:00', '890-41-7063', 'ajeayesds@timesonline.co.uk', '$2a$04$fAArwj4.le2iJkKNumaKdOzgzXZ94W9Ore/01NJ3UTRSICvHpFXT.', 1),
(498, 'Perle', 'Ivett', '0000-00-00 00:00:00', '276-46-0300', 'pivettdt@wikispaces.com', '$2a$04$AyTQMojj0R7sZryw/pYbmeic/NBkagxuqMEafqtE.pn4Hg.QV2X22', 1),
(499, 'Selby', 'Osmon', '0000-00-00 00:00:00', '134-15-0110', 'sosmondu@yelp.com', '$2a$04$mt//VuFHGusVmx5upoogHO.pC1MgM5HW2a38aIKzZ6D3QLFieOD7q', 1),
(500, 'Katha', 'Iorizzo', '0000-00-00 00:00:00', '707-50-8262', 'kiorizzodv@dell.com', '$2a$04$Boe6n5pj7/GWt/xorHOmsuBUYyRdvj4gC/AEnsOiNMUJyXzVLHujG', 1),
(501, 'Otes', 'Madoc-Jones', '0000-00-00 00:00:00', '729-53-4308', 'omadocjonesdw@cmu.edu', '$2a$04$OKmDIYvlgA1A/UAhlmmibeJgHS6EBQcB.W6oVviTnuBJM.2Boturm', 1),
(502, 'Tracy', 'Drinkhill', '0000-00-00 00:00:00', '836-55-1189', 'tdrinkhilldx@addthis.com', '$2a$04$tODc/KSI57px7EGnG2xo0OGX9jl7bJpkA/8kWglvPY5cyaGl8VfZ.', 1),
(503, 'Hermon', 'Greschik', '0000-00-00 00:00:00', '544-98-9006', 'hgreschikdy@creativecommons.org', '$2a$04$g/oXSyvSYsNQ80FxGVGlSui4ZGCirHG5CnJ4lvRZu6v9PfBMRSxJ2', 1),
(504, 'Philipa', 'Nother', '0000-00-00 00:00:00', '464-37-6952', 'pnotherdz@webs.com', '$2a$04$YCpL5zZo2zVEG6/4BJowkuo1P5XIMUOzj9Ah.GLSwS7DTjec.3/0m', 1),
(505, 'Rodie', 'Rihosek', '0000-00-00 00:00:00', '356-80-3769', 'rrihoseke0@cnet.com', '$2a$04$bJnV88WLNct/ggya5ERwqOP/2oLAJiwqSnNeS8cJbxRlZkeBlRAXm', 1),
(506, 'Regine', 'Juares', '0000-00-00 00:00:00', '280-73-7245', 'rjuarese1@sourceforge.net', '$2a$04$pBTb1tUFxc1DbvwH..KSJOAGjxkNVIFgm/UbkK.9bwdEdSuXD9W9a', 1),
(507, 'Catlaina', 'Croston', '0000-00-00 00:00:00', '403-02-0260', 'ccrostone2@barnesandnoble.com', '$2a$04$.jQcxKZw/bGE6U1j6juE8elinFxaMdU/LJkFd6Xm8DnoVrRNUI6We', 1),
(508, 'Teddie', 'Stainton', '0000-00-00 00:00:00', '265-40-7443', 'tstaintone3@sakura.ne.jp', '$2a$04$X2cy/Ir7YOEe5QYB2jla7.qFMsFo3U4ZEJ/3KG9.sxrqx8o9fgLne', 1),
(509, 'Meade', 'Vannoort', '0000-00-00 00:00:00', '774-40-7053', 'mvannoorte4@flickr.com', '$2a$04$UABo4Ii.jav6HLKTQwGjVe3K7dwUt7vi7quN.gWnUccP0HrAe4jUe', 1),
(510, 'Sallee', 'MacLardie', '0000-00-00 00:00:00', '327-54-8846', 'smaclardiee5@si.edu', '$2a$04$2NVElUyOr2jAR.pmbeQUiejnTNYRKOGDd.KePTJM5k3raBvdCiLOa', 1),
(511, 'Pincus', 'MacCardle', '0000-00-00 00:00:00', '748-48-3794', 'pmaccardlee6@jalbum.net', '$2a$04$dhqfrg/pK0BJCwWZT3b.ceRaTvUih.doTG7EaYCtT5sl5SLWwcTWS', 1),
(512, 'Joseito', 'Reaney', '0000-00-00 00:00:00', '371-16-6794', 'jreaneye7@tinyurl.com', '$2a$04$sFV1AI8kFuHREAZItUJRcuvjIL2eX2YYpryj20BZ34qSgIcHQKeI2', 1),
(513, 'Linn', 'Leigh', '0000-00-00 00:00:00', '175-39-2144', 'lleighe8@soup.io', '$2a$04$E7QuDQ0LX1RGjpPKkkkNo.7VLrSqNuso98X5mQexlMgH8WfyCyM2O', 1),
(514, 'Harwilll', 'Dufaire', '0000-00-00 00:00:00', '249-44-2003', 'hdufairee9@hhs.gov', '$2a$04$nf49CFcSEKRoGsc3VHCmquF4oH9GMuZhpn76rptLfpIAQEDt0I2.u', 1),
(515, 'Eugenie', 'Guesford', '0000-00-00 00:00:00', '843-76-3340', 'eguesfordea@reddit.com', '$2a$04$3jf0CVYjb4x2eYD7J/v5cOR8Sb4LO6H5t8j.JheqOh4ayYaa7vGbG', 1),
(516, 'Cecilla', 'Simonetti', '0000-00-00 00:00:00', '613-64-6368', 'csimonettieb@tuttocitta.it', '$2a$04$ksuKIorrre57J33/WHYEjeFJoQjX1FjWKVBOtRB4TIifE9KU7rHy6', 1),
(517, 'Tamarra', 'Pittet', '0000-00-00 00:00:00', '681-89-6942', 'tpittetec@ifeng.com', '$2a$04$n2yI5w8SM5eYOgTNCBjDeO2TCOXeMr.PlAcU6WeFoQA7at6U4vFhq', 1),
(518, 'Yancey', 'de Castelain', '0000-00-00 00:00:00', '889-40-6780', 'ydecastelained@paginegialle.it', '$2a$04$f1.3deRTzcxlBohP6IUAKeMu47wQhuNgbUNC3lEA5edYHONCO7NkC', 1),
(519, 'Bev', 'Szanto', '0000-00-00 00:00:00', '618-46-6856', 'bszantoee@hc360.com', '$2a$04$9ef23U8Qj3uL2/TXOjSeve0yuwsyC8DITxYFuDl6r8URCPwjEloSa', 1),
(520, 'Chet', 'Rought', '0000-00-00 00:00:00', '277-16-7335', 'croughtef@abc.net.au', '$2a$04$/PQEUPmnaNzTFVUDVrtqAusCIK6FkfZrs.PH5ZaemJzSIF38myIXi', 1),
(521, 'Aristotle', 'Hallward', '0000-00-00 00:00:00', '469-07-0829', 'ahallwardeg@liveinternet.ru', '$2a$04$.ZeFH27p1rW2kpvGZuodlua3HdLuH9TE19brDBAOIkzmisCs7auN2', 1),
(522, 'Kenn', 'Bourtoumieux', '0000-00-00 00:00:00', '879-28-6543', 'kbourtoumieuxeh@alibaba.com', '$2a$04$x7I8rFodUTaThalg8T5iH.erOMxr2TIX9DkiQpwGVNr8sYsQzzofy', 1),
(523, 'Laughton', 'Challes', '0000-00-00 00:00:00', '870-35-4332', 'lchallesei@printfriendly.com', '$2a$04$dJLUvhPzm7gc7yjHgt/KWuWtwWCSZ0kggc3KwZaRElym5Q3qzK9qu', 1),
(524, 'Perla', 'Scriviner', '0000-00-00 00:00:00', '610-47-3294', 'pscrivinerej@google.com.br', '$2a$04$KCav4mLQDBJaOkA6QlH9QurVt.VKo6is6b/2JOaP67Rh2IjcVeiUS', 1),
(525, 'Emma', 'Timmes', '0000-00-00 00:00:00', '513-19-0475', 'etimmesek@cargocollective.com', '$2a$04$ZFnwuHgyjgZe409ZeH47NO0CeMyiMsWUyM3RuVAiWaCg//47RFKHq', 1),
(526, 'Sancho', 'Overell', '0000-00-00 00:00:00', '748-53-7057', 'soverellel@scientificamerican.com', '$2a$04$be3Fq2FEBuIJmLiWCEBckOX4sSZgvw4KfcapCU0SyqOvMo4vJgpSy', 1),
(527, 'Kathryne', 'Franzen', '0000-00-00 00:00:00', '480-18-3543', 'kfranzenem@archive.org', '$2a$04$edDRMCLFYLZ3KSAniWflMOu4hGa/KPcfh8o6ps53HiN6szSf3BoTW', 1),
(528, 'Starla', 'Kroch', '0000-00-00 00:00:00', '146-54-9899', 'skrochen@tripadvisor.com', '$2a$04$7Z.jghJWkzHZH1foY1nXEefrKYVmrt7/9P5ny338ioHtnJaGPejF2', 1),
(529, 'Biddie', 'Shall', '0000-00-00 00:00:00', '394-55-3212', 'bshalleo@goo.ne.jp', '$2a$04$sSKhdVFY7Qk6djc2hBcdIOFnal6mWQbihQZvwua3wqPdPu7NxAJCm', 1),
(530, 'Lynne', 'Nani', '0000-00-00 00:00:00', '555-62-9064', 'lnaniep@biglobe.ne.jp', '$2a$04$HZvjRZHeaAZV8a4h7P475.ycP9m0vGtCc.tXT3IX6jz4qntWAuLka', 1),
(531, 'Cecil', 'Ben', '0000-00-00 00:00:00', '774-31-1334', 'cbeneq@census.gov', '$2a$04$gQKG/feeidLr/ytT.nvhRuTEgAQBLXUrKhGPio.tjkT60sbpvtS0.', 1),
(532, 'Pavlov', 'Corp', '0000-00-00 00:00:00', '378-65-1100', 'pcorper@chron.com', '$2a$04$NWyEVG2CpR6NWqmi0PpA3uvLw/8g6wNlJMjMPVsyG59J3YSpyfeDe', 1),
(533, 'Oralee', 'Austen', '0000-00-00 00:00:00', '565-97-7829', 'oaustenes@163.com', '$2a$04$G3QLJD/HpRHxHRdts6c9FeoHvBbJxZUNTkNW2.9pQ9B3pF.SDQH4e', 1),
(534, 'Elsa', 'McWhirter', '0000-00-00 00:00:00', '644-18-6992', 'emcwhirteret@dyndns.org', '$2a$04$8uXEQRIGB3pB0NPTxtF0U.ol9BHKk5YtPO/PvySMwBHmX6lPkSJXm', 1),
(535, 'Malina', 'Koeppe', '0000-00-00 00:00:00', '562-55-1799', 'mkoeppeeu@google.co.uk', '$2a$04$XbYm.OryeVeK2ieAnbt3devjJuMj4HqXAmqrZlEicRPOWqKimjBui', 1),
(536, 'Roseanna', 'Corneille', '0000-00-00 00:00:00', '427-62-6704', 'rcorneilleev@youtu.be', '$2a$04$MoUNuazfeWvvYhJa4Gi4e.xxDf/7hYZPQm56Tz1yzbHQzTppqbU5C', 1),
(537, 'Hubert', 'Dulling', '0000-00-00 00:00:00', '801-64-6590', 'hdullingew@ow.ly', '$2a$04$7dv198UiZTxEznzdDfriD.XCJ.ZlQ/3SSz4gomzFoe6gbfBG79FQi', 1),
(538, 'Marleah', 'Hargitt', '0000-00-00 00:00:00', '771-33-9263', 'mhargittex@webmd.com', '$2a$04$YZkUltOIHW/cT4fIgQZ94.i8ZqIe4wVIsHMNPPvxfjmGJgD0M0X8i', 1),
(539, 'Lennie', 'McIleen', '0000-00-00 00:00:00', '132-84-7728', 'lmcileeney@ted.com', '$2a$04$X.nMbnfL4ztoJK3YBfIj7ulepmduj4CywiYqP0D40Zg2aZ2Ur6f9a', 1),
(540, 'Isabella', 'Guntrip', '0000-00-00 00:00:00', '801-22-1071', 'iguntripez@businesswire.com', '$2a$04$nHZ6U25Z1bLhM8/3NJLzFOuuSrsxNPbCnVJf5/cyVSFRvCa6EtQ2a', 1),
(541, 'Delly', 'Darragh', '0000-00-00 00:00:00', '883-63-5965', 'ddarraghf0@go.com', '$2a$04$w2EPiyrchm5xw5DBEWOSNu8EEUMGnHtPxSuW3zlkMtm9X/mit38/m', 1),
(542, 'Jessy', 'Archbutt', '0000-00-00 00:00:00', '320-19-5338', 'jarchbuttf1@youtu.be', '$2a$04$oeLyb4sZW8zmKiPZJhjno.4Yq0BJawwDvMGIvJ7MOmh1tdWRIcN1m', 1),
(543, 'Shelba', 'Ganley', '0000-00-00 00:00:00', '366-84-3488', 'sganleyf2@netscape.com', '$2a$04$ooQswwCOOYeaYfsWhvPRVus4cN7aAE3AVGsHEo9K7u6HV620gdfl.', 1),
(544, 'Justinn', 'Hayden', '0000-00-00 00:00:00', '355-49-7812', 'jhaydenf3@live.com', '$2a$04$NeCvN3JfzYagVsYjEJBhe.S7zbZ0inYs7ZUz36V7DpPNtQUozNdaa', 1),
(545, 'Arlyn', 'Beautyman', '0000-00-00 00:00:00', '324-27-3003', 'abeautymanf4@imdb.com', '$2a$04$qHiIC5nHfChq661couXSIOeCaXqy/q3TrMkNJWPODyyWRxBwxkTV6', 1),
(546, 'Perice', 'Sowray', '0000-00-00 00:00:00', '674-26-1156', 'psowrayf5@salon.com', '$2a$04$B6qCkShNqTBW8vMkhdpo9OMOQz1rnsoKQqcH9/MQfBx0dgZ4jgBWC', 1),
(547, 'Clevie', 'Sirman', '0000-00-00 00:00:00', '821-38-8944', 'csirmanf6@ovh.net', '$2a$04$akhPkt5wItOHxh1sIxqRNOMVW17JfPatD1zN.sQ9.KK3baTql77TG', 1),
(548, 'Idaline', 'Denkel', '0000-00-00 00:00:00', '370-66-8907', 'idenkelf7@behance.net', '$2a$04$H6qIsFqvbYTNVRZ0/7n8mO4ZNuf.v3mtutYCVdNRDdKKC5wnU0y6K', 1),
(549, 'Tamma', 'Kleinstein', '0000-00-00 00:00:00', '498-72-7847', 'tkleinsteinf8@springer.com', '$2a$04$IvgUxWY5rMmh823uBhSoCeg0ZQnEeKnLrV3mxtm48cYDV8VblGCoC', 1),
(550, 'Rodger', 'Lafuente', '0000-00-00 00:00:00', '512-77-4075', 'rlafuentef9@exblog.jp', '$2a$04$qRWR9/k4jFTqlVNc9Wkt6uFqYeC1j1B5kcgxHPqtpMPqdbtqWC5Ry', 1),
(551, 'Janessa', 'Taaffe', '0000-00-00 00:00:00', '680-59-8251', 'jtaaffefa@plala.or.jp', '$2a$04$U5cdBhXMoo6typzf8iMTfOZZSwm15EMjiF4ea4CRqwlZXYSyQfFnW', 1),
(552, 'Cathy', 'Ficken', '0000-00-00 00:00:00', '863-66-3698', 'cfickenfb@usnews.com', '$2a$04$MlUZwS9RzVPm32szJ.sy8uAPD3lrPmggSXcIqh5fiRpbOlbdwRS42', 1),
(553, 'Rupert', 'Schroeder', '0000-00-00 00:00:00', '735-03-4108', 'rschroederfc@netscape.com', '$2a$04$2rWbWfnZLCk/1HpkA40Lz.ouoNjmym.9b1EVqKPhGxg0kb.XoJ8ZC', 1),
(554, 'Petunia', 'Kenefick', '0000-00-00 00:00:00', '565-78-1343', 'pkenefickfd@seattletimes.com', '$2a$04$TtegZPSREocmgL.Cp/9/Z.esSyq1w.fRoXBob/hD3QgA4FR75S3z2', 1),
(555, 'Emmie', 'Balhatchet', '0000-00-00 00:00:00', '374-47-2738', 'ebalhatchetfe@wp.com', '$2a$04$cKIcpb9KL9UOl2NqsP1fcuf/iN9dTra70sSnk1EgQb5sYfik6wN/2', 1),
(556, 'Dorey', 'Drescher', '0000-00-00 00:00:00', '347-86-5966', 'ddrescherff@nbcnews.com', '$2a$04$DuX5Urecg1x9RzFKe9xbrOL.X3prvDFEtxKoLzbtIUYCvGAayD6YW', 1),
(557, 'Darcee', 'Runnacles', '0000-00-00 00:00:00', '561-20-7847', 'drunnaclesfg@sitemeter.com', '$2a$04$GIf11bu0BgLi1hQIBGOEK.TpfL0UGk9NEL6z15gHm4lvYWLJn79Zy', 1),
(558, 'Sabine', 'Avrahm', '0000-00-00 00:00:00', '155-83-0164', 'savrahmfh@google.it', '$2a$04$rXxn4494qHEe3epUwWm0uOEtKWJwGAt3Lgp0IkmjT/vwBSgy20R5C', 1),
(559, 'Orren', 'Nyles', '0000-00-00 00:00:00', '543-40-7312', 'onylesfi@google.com.br', '$2a$04$bRWNggyOh.pZWN1wrWKHcerofXw/9iJbrsc0tYckUut0pNCnpoMqO', 1),
(560, 'Maribelle', 'Blasoni', '0000-00-00 00:00:00', '244-74-8340', 'mblasonifj@mapy.cz', '$2a$04$fLZX0mB6IX2WrSyw.hJQuuhZg2qigLP3Ev52YSPoIDVcppUUlb2US', 1),
(561, 'Birgit', 'Roelvink', '0000-00-00 00:00:00', '375-82-9027', 'broelvinkfk@tmall.com', '$2a$04$r2lPeUZDtWcGhxIp8PnRd.N7AFiRpCPBrpA2yGong0fknqIlr8LWC', 1),
(562, 'Christabella', 'Rilings', '0000-00-00 00:00:00', '732-48-1705', 'crilingsfl@networksolutions.com', '$2a$04$PGkijWfNUiLDtUSkFw6eb.YZcix40K7zTXaqUhv8MYyChXR6ConyO', 1),
(563, 'Erma', 'Greatland', '0000-00-00 00:00:00', '758-48-8023', 'egreatlandfm@bloglines.com', '$2a$04$U2VHsFMIvQLITpIdBX96nODqsVydw4borxQ78xo8G8noh9sIITL4S', 1),
(564, 'Jermaine', 'Coffee', '0000-00-00 00:00:00', '361-05-2690', 'jcoffeefn@gov.uk', '$2a$04$lpbEMtWoEdwl6qs0ls1EmOcT.W/yx9TfoFyJGrhmgZJy6EfKAfo6G', 1),
(565, 'Alvie', 'Grocott', '0000-00-00 00:00:00', '207-17-3666', 'agrocottfo@spiegel.de', '$2a$04$.5kGPfM0ukTIPjNRyflxEeH9qJZY8QISWIpeUweYhP1AEuzwcx7vW', 1),
(566, 'Nichol', 'Bolletti', '0000-00-00 00:00:00', '700-73-6896', 'nbollettifp@com.com', '$2a$04$ARfrYuhc1rVNeITqoJ0mHeQEm7J6Bu7OYe5dmFd5M0LT.A8AvJlOO', 1),
(567, 'Beverlee', 'O\'Crevy', '0000-00-00 00:00:00', '242-53-2777', 'bocrevyfq@tripod.com', '$2a$04$IKsw8XDra.RyxOAZEEyT7.daD7TlnxfGrjx1345bnx3QhTgLhseLy', 1),
(568, 'Lombard', 'Graeber', '0000-00-00 00:00:00', '153-53-7511', 'lgraeberfr@ocn.ne.jp', '$2a$04$CSBHoeXm3d.3dTD7gzibn.n8AcqRf3QFZdV4M/Q5vJsLls4hKf8Ma', 1),
(569, 'Dud', 'Poleykett', '0000-00-00 00:00:00', '678-69-9801', 'dpoleykettfs@shinystat.com', '$2a$04$k3MUBmW.czaDgfTY5LLksu.fO43sGWMfS27JcoS4h/4V1xqWWQtk.', 1),
(570, 'Webster', 'Kilbane', '0000-00-00 00:00:00', '456-20-8958', 'wkilbaneft@craigslist.org', '$2a$04$C9uGJN57YUKhdvYpTn5mH.G2EFSUvztYRHqRzn37LbLWZ2CUmbOTq', 1),
(571, 'Gunter', 'Stean', '0000-00-00 00:00:00', '600-88-0009', 'gsteanfu@usnews.com', '$2a$04$aaxnNXx73fpE/PQwLXvQSO67PguRx.D1YOBD4fpkgdFTOqjSkU/9O', 1),
(572, 'Dexter', 'Hoffmann', '0000-00-00 00:00:00', '845-99-1996', 'dhoffmannfv@statcounter.com', '$2a$04$.OZYG7/rnuBqbT8mtWPNXua6quElDV.NmHdBUGSAQaxWwTkKF8t42', 1),
(573, 'Dev', 'Worman', '0000-00-00 00:00:00', '668-59-1598', 'dwormanfw@prlog.org', '$2a$04$E8JEVYOTZPoHY3DoMg1WOuq8xl1Mhqnzgj382u.kXv9uFfQoFcPs.', 1),
(574, 'Giulietta', 'Barford', '0000-00-00 00:00:00', '559-87-9187', 'gbarfordfx@cdc.gov', '$2a$04$kd721ux3BCqbu0KIBy/8J.z/j0rC7S1GEpzJy89aPBmmVWaXxpwFy', 1),
(575, 'Donn', 'Hankinson', '0000-00-00 00:00:00', '329-98-3793', 'dhankinsonfy@oakley.com', '$2a$04$wNSVz9LjDB0tKchV9Q18OuFUtq0z.cPEEv0aaNVzGWj2Mk1ru/vMi', 1),
(576, 'Arleyne', 'Revan', '0000-00-00 00:00:00', '107-41-1450', 'arevanfz@craigslist.org', '$2a$04$FOvzLKns8O3TgWp8LVa5aOjOdHFMDZMlrKuAeqkwPtNb1pWZEGO.6', 1),
(577, 'Nataniel', 'Syms', '0000-00-00 00:00:00', '111-76-3449', 'nsymsg0@people.com.cn', '$2a$04$ulBCqwP3w8ZpwWkC0iv8cOFyMhc/Ivxh2IJWajklcHrBqJ5WOMdQi', 1),
(578, 'Francisco', 'Barstowk', '0000-00-00 00:00:00', '661-75-5072', 'fbarstowkg1@si.edu', '$2a$04$raGa0cPbwbHlXIus1om6buJtdIrHMfVAURYXjT6S2zUSG25g8g0Wq', 1),
(579, 'Gaby', 'Lindenfeld', '0000-00-00 00:00:00', '548-80-1673', 'glindenfeldg2@ox.ac.uk', '$2a$04$R7OE2enOoVr4YDwA684d8./nZryFY8OVukNwr7cVB9Xd1WIeDawXu', 1),
(580, 'Jorry', 'Cahani', '0000-00-00 00:00:00', '590-93-7048', 'jcahanig3@purevolume.com', '$2a$04$wbju0/38So/XxdE2V1MS5.0yWELk.QddAn8uJQA0QHuSiOYLkP4hO', 1),
(581, 'Domenico', 'Bonnier', '0000-00-00 00:00:00', '367-39-2811', 'dbonnierg4@nhs.uk', '$2a$04$VFIS2pSDkVXrIW0JAmGEZukh3htEJxqUHdbRIsCVFWKQEAC4c2BlW', 1),
(582, 'Georgeta', 'Klais', '0000-00-00 00:00:00', '725-48-1141', 'gklaisg5@mediafire.com', '$2a$04$sM4Ax/ibEMD1dNf8UBPYTODmi9JNejhriGGd1k8IItMZcaHfnPUla', 1),
(583, 'Marjorie', 'Burdekin', '0000-00-00 00:00:00', '249-95-5038', 'mburdeking6@washington.edu', '$2a$04$ybW04fYnygu4EDTWucqm.ehFIGH6mZmV7gO/.RZOhVm9P41xGtQ2G', 1),
(584, 'Mirilla', 'Pepineaux', '0000-00-00 00:00:00', '682-13-8081', 'mpepineauxg7@cnet.com', '$2a$04$w5q3CaMjZ9eUsTKMkI.ek.E3lJE.BilmuxRWrWmepbt49YTcOVYKm', 1),
(585, 'Fred', 'Coye', '0000-00-00 00:00:00', '210-98-6843', 'fcoyeg8@reverbnation.com', '$2a$04$ZvdhM341hLxvhVSogpUjCeAOnG0q9TfycxPaayZ7gB.hMjLcLaBVS', 1),
(586, 'Laure', 'Collymore', '0000-00-00 00:00:00', '176-51-1623', 'lcollymoreg9@yellowbook.com', '$2a$04$kodA.GWXrxWFvsH0SfVcBu.vgU7XCM9Iac/E2s1k45qvD.eWvhlqG', 1),
(587, 'Edita', 'Bilfoot', '0000-00-00 00:00:00', '656-76-8535', 'ebilfootga@wordpress.com', '$2a$04$DEHmbd6g3tKWrrk1uu2htOHSSkkATmBAhG.3ODyFZ90VUT8SozTq.', 1),
(588, 'Harriet', 'Bish', '0000-00-00 00:00:00', '593-78-1730', 'hbishgb@epa.gov', '$2a$04$0q0ZIBKoughcieYJaC4CDuD0gLgAkePlNcedtTbw7W0gXFyobl/uS', 1),
(589, 'Vanna', 'Seathwright', '0000-00-00 00:00:00', '639-21-4863', 'vseathwrightgc@uol.com.br', '$2a$04$me6e2wP1LFlpVRtxR3QgDufkpJqbnnx3rJS/4WIn64CVbKpefW7ni', 1),
(590, 'Amie', 'Grisbrook', '0000-00-00 00:00:00', '569-54-1073', 'agrisbrookgd@ovh.net', '$2a$04$Vk206bYlwXx5JILE2ymXyuAIXdK0hFdyINq9wHEwwMLp9lDrIWckC', 1),
(591, 'Bobby', 'Nason', '0000-00-00 00:00:00', '169-85-5231', 'bnasonge@freewebs.com', '$2a$04$7eYdjHSwrS2s6LAQB25KoO9loYrM9k2OaV7fctetU7/R33U4pkidu', 1),
(592, 'Urbain', 'Treadway', '0000-00-00 00:00:00', '575-64-2536', 'utreadwaygf@squarespace.com', '$2a$04$foNF/YmWExOlURn3Jawc2Oi0xmPRiYtbPT8KhRG9R2BXouQkllfgK', 1),
(593, 'Aeriell', 'Romagosa', '0000-00-00 00:00:00', '762-73-4031', 'aromagosagg@google.fr', '$2a$04$AzR1FddWy8E5awl.WT/mXeESWH2T0o.R2i22j8bS.opqIgid57hTK', 1),
(594, 'Wang', 'Leeson', '0000-00-00 00:00:00', '151-33-1422', 'wleesongh@multiply.com', '$2a$04$.zf3W3iOdEa778D8pZnTkOAYTqpbyRfcyf8/vIGK9B3wk1ZmJJD4i', 1),
(595, 'Evania', 'Matterface', '0000-00-00 00:00:00', '538-79-5082', 'ematterfacegi@ca.gov', '$2a$04$lss3bLruU8OzJGv.631QCO0T4GzxbJV8BFH7pVbWdKg0CLk90i20m', 1),
(596, 'Sandy', 'Palek', '0000-00-00 00:00:00', '110-48-1344', 'spalekgj@yahoo.co.jp', '$2a$04$SmJN.DrUe7bs5Trl.DOnFOuctzLMt5Zj9n29K1sN54jb4tV8SL1JO', 1),
(597, 'Julienne', 'Firidolfi', '0000-00-00 00:00:00', '822-08-9728', 'jfiridolfigk@about.com', '$2a$04$2neIBxUTCr0vAFbbmhcF0.aHgKaZV2eDSXFIlqa79ngqRnLWwg5cC', 1),
(598, 'Jozef', 'Reasce', '0000-00-00 00:00:00', '207-15-6269', 'jreascegl@photobucket.com', '$2a$04$BLDlagGpKlN.9SO2yH9vkOQzE2yHRklROvQs803Z3oxNhaZ.M4Jwq', 1),
(599, 'Heindrick', 'MacLice', '0000-00-00 00:00:00', '117-85-9900', 'hmaclicegm@livejournal.com', '$2a$04$NkHyoLJhtjvRXqoJENLMHuy6WVDjedG87pFSNPMGLuQZzg/r/gEk.', 1),
(600, 'Carilyn', 'Garwood', '0000-00-00 00:00:00', '169-91-2889', 'cgarwoodgn@chron.com', '$2a$04$Wuol7MwqJEsCcM45TRJNEu8N4JxyhYWtBPU9LOvt0ZyuFHR9udrsK', 1),
(601, 'Kimmi', 'Orton', '0000-00-00 00:00:00', '605-27-6353', 'kortongo@booking.com', '$2a$04$kg7LDoiZaeMqctYw0zx1yeqNC23yxObzAKliqk.hamdt3HkQ5xUZ.', 1),
(602, 'Georgianna', 'Buckenham', '0000-00-00 00:00:00', '584-72-5031', 'gbuckenhamgp@europa.eu', '$2a$04$1gA0TAedvVJfsBxkUc/RxO1TpgFkSF4OhgbMSXqE.ZVzue6kBPfRa', 1),
(603, 'Kilian', 'Stickland', '0000-00-00 00:00:00', '763-88-4125', 'ksticklandgq@usgs.gov', '$2a$04$xDGIWji2CQQhlUjqUbRDZuoYvIIiwlEirvc.PihUYQUZ71aD3QxSa', 1),
(604, 'Mendie', 'Huke', '0000-00-00 00:00:00', '537-04-8153', 'mhukegr@elpais.com', '$2a$04$IBDa0vbyvjRM5zTM5KWiHevScqa6ynvRNhTAamrySvLCK1MV/eVv2', 1),
(605, 'Ricky', 'Hawlgarth', '0000-00-00 00:00:00', '819-47-9090', 'rhawlgarthgs@google.pl', '$2a$04$nD7zhdPzgXuo.7k/W94xHeF74gcmiyCVLaIQnB7O2Vuq7UVYnzw0G', 1),
(606, 'Maribelle', 'Sewley', '0000-00-00 00:00:00', '881-31-7267', 'msewleygt@merriam-webster.com', '$2a$04$rJrFjlGcMAKEGN2vVhjlWO48YvRIneYCzvMmKONXqZLyCELt5Cd1.', 1),
(607, 'Corby', 'Chastney', '0000-00-00 00:00:00', '755-39-2621', 'cchastneygu@angelfire.com', '$2a$04$HkkgUmVYYWNfCkdZsLSkoe/hIw.YAzDhg/oaHq6vFY7vnVfNy4Ht.', 1),
(608, 'Frannie', 'Leighton', '0000-00-00 00:00:00', '684-10-5242', 'fleightongv@ft.com', '$2a$04$C.6nHPhwQofrvEPM0luTzua0UxJmmCl9Ty22sW3OdNs/2Jz9WwY1G', 1),
(609, 'Ailey', 'Dolden', '0000-00-00 00:00:00', '526-79-7988', 'adoldengw@foxnews.com', '$2a$04$KY51nOA5cW.0bMnZtJH8d.DIJzlymPDaxkbnUsfvT6PUEjPg7/ldm', 1),
(610, 'Evelyn', 'Campling', '0000-00-00 00:00:00', '735-83-3700', 'ecamplinggx@netvibes.com', '$2a$04$Zw61kuMouhBo0ZvfRY4Ff.D7P0n62TX0Hj1iqhAoY0oMS5UtzveKy', 1),
(611, 'Iggie', 'Mullins', '0000-00-00 00:00:00', '151-65-2730', 'imullinsgy@i2i.jp', '$2a$04$ZtpRjyXFRV0r0C7V6hlLmO7FiHYhF7njjXyCUW8jwAhxmFDBvKhZS', 1),
(612, 'Dorolice', 'Thornebarrow', '0000-00-00 00:00:00', '434-62-2498', 'dthornebarrowgz@merriam-webster.com', '$2a$04$h5wimyIrjBLxq4AuwSYjo.NN6XN8wxevwhs7FZfeesN7fYqM8Ixye', 1),
(613, 'Deane', 'Niezen', '0000-00-00 00:00:00', '229-27-4532', 'dniezenh0@walmart.com', '$2a$04$AkcGyfHZWBLUfOrYbuE9de8wVZ4pUMUj94/NSKdhckVu44ZVxYRby', 1),
(614, 'Aylmer', 'Buddle', '0000-00-00 00:00:00', '147-26-3505', 'abuddleh1@sina.com.cn', '$2a$04$OlrIw6GgqJ/z4iC2mk/LV.RpviBsil0/ih6Hh6lbtEflfhvDtWqh6', 1),
(615, 'Aida', 'Bowller', '0000-00-00 00:00:00', '239-34-3309', 'abowllerh2@indiegogo.com', '$2a$04$ffuxe4niQMkLgU2F/3cvBusX6sjibKOU6i.7yRzkI8/eDuvgkQAP.', 1),
(616, 'Sylvan', 'Courvert', '0000-00-00 00:00:00', '236-96-9879', 'scourverth3@shop-pro.jp', '$2a$04$HmeNKzt1y2zD.hyKNPF0f.lDKxVmBYHnhEBZz/AOxjZ6JlDMf0IeG', 1),
(617, 'Diann', 'Weekland', '0000-00-00 00:00:00', '742-87-8683', 'dweeklandh4@friendfeed.com', '$2a$04$1AGTpG8EhpNgy8P4OSaRQezBa7KcEfi6hN1nlhmPib43uAWNF8b4K', 1),
(618, 'Adolphus', 'Randle', '0000-00-00 00:00:00', '614-50-8574', 'arandleh5@pagesperso-orange.fr', '$2a$04$kl0NqRsGariY21hX0muunOM58PwqfUnuGb4V88QH.mFEKEQfAYzqm', 1),
(619, 'Orren', 'Marien', '0000-00-00 00:00:00', '224-82-1071', 'omarienh6@army.mil', '$2a$04$cKHDTZCbYtkQpY6Q2MyuAOWB4tNCq5Qx2De6s3ZiwIe0TcaCsGdei', 1),
(620, 'Sherwin', 'McLaggan', '0000-00-00 00:00:00', '162-09-0818', 'smclagganh7@uol.com.br', '$2a$04$ahGySyVmUMslzpxrqSCZ4ugjBinumG8TTH8g9HU0TJ1kPgp6Za8fK', 1),
(621, 'Sherrie', 'Romaynes', '0000-00-00 00:00:00', '303-27-7722', 'sromaynesh8@slideshare.net', '$2a$04$V0ruqtNKZNyWD3oL30/Yc.XfuZX/8RtuYyWmGudFP7uX4B6rfsp4u', 1),
(622, 'El', 'Stenet', '0000-00-00 00:00:00', '290-23-4494', 'esteneth9@salon.com', '$2a$04$sNbIFAn/5aas5NwkauCX5.FN1x7sZNatXcDDRKfyjvv/yTqg7Zfgy', 1),
(623, 'Rowen', 'Gemlbett', '0000-00-00 00:00:00', '412-64-7426', 'rgemlbettha@mit.edu', '$2a$04$kixuitGTakdnrrA5PVCUXO/osVK6FUsvsLvZVu/e6MHVsS6mHqK2u', 1),
(624, 'Paton', 'Reddel', '0000-00-00 00:00:00', '187-43-2817', 'preddelhb@msu.edu', '$2a$04$N3dD6QFp0gHM6FMaPfNpvOv8RwBII.7kwv1f.SRXKW.zdB8HDDLRa', 1),
(625, 'Kassi', 'Spileman', '0000-00-00 00:00:00', '480-14-2751', 'kspilemanhc@smh.com.au', '$2a$04$4E9t4Y9zHbNYeyVCjZvWJOJHcbiy97bnXYZJQhOXr5Mi57HTkyxuO', 1),
(626, 'Kata', 'Boissier', '0000-00-00 00:00:00', '789-05-3107', 'kboissierhd@digg.com', '$2a$04$1GQGy/jDD3R7vZWSF4SkI.Xu.Saz8cCyZR2tKf86y7b6EwC9xHDOC', 1),
(627, 'Myer', 'Giraudoux', '0000-00-00 00:00:00', '493-14-9832', 'mgiraudouxhe@google.co.uk', '$2a$04$pEKeS9wXmIXgJi28jPpB6ua7cuRYcyx9FR/DvB7dghy12nYgv/7F.', 1),
(628, 'Stephanie', 'Leathlay', '0000-00-00 00:00:00', '383-81-2375', 'sleathlayhf@bbb.org', '$2a$04$HjeligDrT7JSN8YcbVQiVus.FHbOO0BYrf507IrUS4dO3P2avPke2', 1),
(629, 'Morris', 'Meijer', '0000-00-00 00:00:00', '678-72-8676', 'mmeijerhg@vimeo.com', '$2a$04$bajnHc8dpEsXVNk.qvvC2ej6tAiZv3i7RuwioaJGEJbxEZmySrrk6', 1),
(630, 'Nahum', 'Codner', '0000-00-00 00:00:00', '301-72-9381', 'ncodnerhh@dion.ne.jp', '$2a$04$14VWiXnW03by6wztc6IWveL.w/y/ntzrim70Sp83qkIoIlT0MX7wi', 1),
(631, 'Batholomew', 'Tourle', '0000-00-00 00:00:00', '480-05-6037', 'btourlehi@tumblr.com', '$2a$04$ebnRl9vkzEXygGhhTfFlSeWZhSSitqA4czp0FXk6UzlnL2LJkxZVa', 1),
(632, 'Bevvy', 'Dy', '0000-00-00 00:00:00', '324-94-7046', 'bdyhj@eventbrite.com', '$2a$04$/51amDtVpJNL/I9McvJpwuKDfw.5rbN4EZLe5jRUN9Krjb64k.iza', 1),
(633, 'Patty', 'Kroll', '0000-00-00 00:00:00', '139-54-9232', 'pkrollhk@cam.ac.uk', '$2a$04$2mouezM0SGxAj0Yocwdra.oxvp2pvhGxAWjDxLruFsZCpGiuXVjve', 1),
(634, 'Antonin', 'Olfert', '0000-00-00 00:00:00', '399-63-8015', 'aolferthl@tinyurl.com', '$2a$04$NWF3JIFplYAfXEW354xacOKbz/qcUoFlZJLuTetuR/3Be0u3rqnpG', 1);
INSERT INTO `users` (`id_user`, `fname`, `lname`, `birthdate`, `telephone`, `email`, `password`, `id_adresses`) VALUES
(635, 'Hugh', 'Hadwin', '0000-00-00 00:00:00', '569-16-2284', 'hhadwinhm@furl.net', '$2a$04$LoVCLGr/2.bLTJlhiPmcyOsvBoyD4rOZ.Rsvoiu4PCmhtI6TqYh4a', 1),
(636, 'Pail', 'Dy', '0000-00-00 00:00:00', '708-16-3368', 'pdyhn@jiathis.com', '$2a$04$323wNompKaKDWdoCzLjWsOyB2LgWDXGY1.frEo13JAYyRLAWCFDWW', 1),
(637, 'Wildon', 'Arends', '0000-00-00 00:00:00', '857-71-5480', 'warendsho@facebook.com', '$2a$04$6SasZyxDcxSGkZDoDdiLLuomsyDOdmMJJo8IqKz94AqlZgsfvslZu', 1),
(638, 'Wash', 'Loadwick', '0000-00-00 00:00:00', '394-37-8244', 'wloadwickhp@bravesites.com', '$2a$04$m6jUNNHVSnE1iZB9XfTotO46Q8d1lxQaMYJpp34NQrkZ9zH8wBt8W', 1),
(639, 'Randy', 'Grimsell', '0000-00-00 00:00:00', '853-92-4897', 'rgrimsellhq@globo.com', '$2a$04$8ziLhX6eZIxktiUhYXS9rO0T9hydrG1pP.XImM4js.bQqITyd07.K', 1),
(640, 'Adler', 'Steptowe', '0000-00-00 00:00:00', '701-41-5976', 'asteptowehr@acquirethisname.com', '$2a$04$NodB3XoAnnfx6HxePjkZ3uxjdMJ1TMHhT63rNtuJjt/up33BxB23C', 1),
(641, 'Buckie', 'Points', '0000-00-00 00:00:00', '757-69-0463', 'bpointshs@sakura.ne.jp', '$2a$04$ImCJrbNHi3jTF5Yx/FsC2.3/xqBesBtGbnldcnYlUEFy32BzkZeC6', 1),
(642, 'Melodee', 'Keene', '0000-00-00 00:00:00', '600-20-5101', 'mkeeneht@vimeo.com', '$2a$04$G8EUdFvBThFrjrn/.xCqO.4aDRD4MV61E0kqzZRSzhxMyxR3eSfD2', 1),
(643, 'Rance', 'Setterthwait', '0000-00-00 00:00:00', '725-58-4712', 'rsetterthwaithu@ucla.edu', '$2a$04$TfgKPCNGASBzBK0Q8I5G3.aiq82rfNLCxbIndEUkzYJmRESfUy0pa', 1),
(644, 'Gaston', 'Whitworth', '0000-00-00 00:00:00', '829-37-1876', 'gwhitworthhv@github.com', '$2a$04$d8YVPiqvMgCZCjRQBQLBeOuCB1JVQThMrtIP0kOH7XzAG8D0l.CkO', 1),
(645, 'Leta', 'Firk', '0000-00-00 00:00:00', '542-68-8058', 'lfirkhw@dell.com', '$2a$04$7i2ACerRh3dFNL4cwUVkleTSel9MEtpFUSzJpI7zxF02wPFEcVvuK', 1),
(646, 'Courtney', 'Shieldon', '0000-00-00 00:00:00', '669-59-3319', 'cshieldonhx@wisc.edu', '$2a$04$LvGO9iV01/o/lzx9U5dH8Olv/Uj9qXhK09Onqqdn2twf.v4H1zw3O', 1),
(647, 'Rafaello', 'Soltan', '0000-00-00 00:00:00', '736-73-2665', 'rsoltanhy@upenn.edu', '$2a$04$G1fu8t9xhTQZd3aUXSR5buFs0LfRkjPaz1aQpHxg0Om22yx/UyOym', 1),
(648, 'Yurik', 'Willox', '0000-00-00 00:00:00', '528-03-1061', 'ywilloxhz@economist.com', '$2a$04$ynUVtxGGChUK6dBFZwgtP.6Z5iZK2UxiYSEqN6A5djoNAs/8qaiIS', 1),
(649, 'Bertram', 'Flaune', '0000-00-00 00:00:00', '270-91-1475', 'bflaunei0@typepad.com', '$2a$04$W.YztktwigqQkKnIOJO61ekjQJ3wXWMudhXvHrY723n/.j3.yFn6K', 1),
(650, 'Pattie', 'Klemps', '0000-00-00 00:00:00', '674-43-4907', 'pklempsi1@bloglines.com', '$2a$04$viaj8ojndnPkDCSRF4ie9eFQQve1KtBotqAkBDM4tOTaTP2XNXKzi', 1),
(651, 'Patrizia', 'Greenhaugh', '0000-00-00 00:00:00', '315-21-0110', 'pgreenhaughi2@opera.com', '$2a$04$TmgkE5X/eVIJM6hG06H8Ke6Tl/QlXOM40jMJzGAnb.PszJNiu3DFa', 1),
(652, 'Ellissa', 'Daviot', '0000-00-00 00:00:00', '729-19-3326', 'edavioti3@census.gov', '$2a$04$NsEZ..ThLsKdERv9jq4qiu/N6BWlGGIMeWLJMp.29aEKDDKJb/5Q6', 1),
(653, 'Micheline', 'Nigh', '0000-00-00 00:00:00', '386-42-1843', 'mnighi4@pen.io', '$2a$04$uc9KTgbbcU51PcehH6/.GuJIxJ/2u2SLyuL0AKtpPovG6ksblbU5q', 1),
(654, 'Mareah', 'Warham', '0000-00-00 00:00:00', '589-15-9027', 'mwarhami5@java.com', '$2a$04$lT4xlKrUA1a.KToDwsXdiuVK1DqMvBmAeRRGT9h6WkDrDWaxhW5Ay', 1),
(655, 'Wilt', 'Largent', '0000-00-00 00:00:00', '503-36-5647', 'wlargenti6@disqus.com', '$2a$04$epMMyoubBl3nQCYZYnUHLuU57tW/YHfopD1D2OoVpl1HpjO/o1.VK', 1),
(656, 'Devy', 'Gerrelt', '0000-00-00 00:00:00', '395-94-0610', 'dgerrelti7@fastcompany.com', '$2a$04$Ef.TRsAvtGeNuxhUSjVOzeGwsDU8itcIl3GPs9FICn1czxQJ7k2Nu', 1),
(657, 'Frank', 'Kunat', '0000-00-00 00:00:00', '435-15-0356', 'fkunati8@spotify.com', '$2a$04$AHe/vybqNC6RohIrSZQRqev9hFL72rg6kLu8Y7co/M/.gaSrq7iR2', 1),
(658, 'Shanon', 'Marien', '0000-00-00 00:00:00', '695-57-8778', 'smarieni9@ox.ac.uk', '$2a$04$xat27RumdWHz8UgpKL5T7uNN7eLSCzzf8V5GUjBDAHzh6hNfiLvwe', 1),
(659, 'Rosmunda', 'Kilfether', '0000-00-00 00:00:00', '277-56-7254', 'rkilfetheria@devhub.com', '$2a$04$bM41sEXeFVLB7ETGxmHrHOixRsM3unGX8Z8dJ63EbmkZbYi95WSq.', 1),
(660, 'Cesare', 'Romaynes', '0000-00-00 00:00:00', '134-42-7949', 'cromaynesib@blog.com', '$2a$04$s7x5wvj8qNLId3H7bnaDjuVb76/BYJRJW.ocrnMslcLGV82Yawb4i', 1),
(661, 'Fulvia', 'Larrat', '0000-00-00 00:00:00', '686-24-5339', 'flarratic@state.gov', '$2a$04$kMoZw2AvAS6pNY03YcFG/u9twTt9b0vr0mhUMEhTUUoK7rNgj31tm', 1),
(662, 'Laurel', 'Corpe', '0000-00-00 00:00:00', '867-50-5538', 'lcorpeid@ed.gov', '$2a$04$IgNy8dH0/XUxE6f1LwozguXxrPiD4BPXi1ht.nuR//h10oCzqpVsO', 1),
(663, 'Carolynn', 'Duester', '0000-00-00 00:00:00', '254-11-1626', 'cduesterie@reverbnation.com', '$2a$04$MxIQa0ht2iTGiC8e3a2vducK83cHUPKS0RerWl2dcaNT4Ix9QWxd2', 1),
(664, 'Kristel', 'Andrews', '0000-00-00 00:00:00', '871-79-1240', 'kandrewsif@mit.edu', '$2a$04$t9usQICDCeUpEvLjtfjoVOpz/LpXz510Cds3c7qJ/4SgC.3vZUBJe', 1),
(665, 'Ava', 'Brenard', '0000-00-00 00:00:00', '845-59-3194', 'abrenardig@apple.com', '$2a$04$bl9aB1hG6wI.ZXrlsKVH3uw5BxoAK8h0gMj5bIClWaMPxToSVUs76', 1),
(666, 'Juliette', 'Rizziello', '0000-00-00 00:00:00', '438-06-4671', 'jrizzielloih@xrea.com', '$2a$04$0gMpWdmFjszIr7c5vlQ62uQzW11CqjlbYD5wjvqsP1UCjLWefLi42', 1),
(667, 'Alexandrina', 'Cescotti', '0000-00-00 00:00:00', '470-24-3238', 'acescottiii@accuweather.com', '$2a$04$FQ.K8ekF5kr9SXXGbIZHT.ok.vdrL4/4z4E3eAUfUJfQ1UiGtzgTy', 1),
(668, 'Tedi', 'O\'Conor', '0000-00-00 00:00:00', '570-23-0629', 'toconorij@moonfruit.com', '$2a$04$f1u/lzC5Dx1LerG4jcXDTuCpPUq1T/k.yodO36YhOGm/FeqT3R1t2', 1),
(669, 'Hodge', 'Heineken', '0000-00-00 00:00:00', '824-64-0040', 'hheinekenik@nytimes.com', '$2a$04$2KsALFsfqEj0/bjNvUNGquu.S.ICV0mYhkRpa5Vrj0dmUhabCsD8.', 1),
(670, 'Drusi', 'Curphey', '0000-00-00 00:00:00', '755-24-3686', 'dcurpheyil@deliciousdays.com', '$2a$04$25ffe.vGrLR6Edsk66Im1.HFDUm1St/4HDhtqT2FLWkJ5tilXyam6', 1),
(671, 'Andros', 'Gealle', '0000-00-00 00:00:00', '234-19-4877', 'agealleim@last.fm', '$2a$04$xWbQ/lBa0rkM/MVyLA246uKQSaKDFo7MGQLO5XXcgGLtXDqO9g5VK', 1),
(672, 'Joell', 'Guiu', '0000-00-00 00:00:00', '589-09-5596', 'jguiuin@mlb.com', '$2a$04$KVsyjcBCOCBb81oKzvyxVOAA9MPGg7WRIcWKYCViAIBCAi0sQ92Im', 1),
(673, 'Pincus', 'Thorald', '0000-00-00 00:00:00', '458-73-5289', 'pthoraldio@deviantart.com', '$2a$04$Y9/hxgzHrpsOESItUalg.OK8ukDTN9d6Gq17aqehUUBHmulMA6cOi', 1),
(674, 'Cristi', 'Bradford', '0000-00-00 00:00:00', '368-08-2366', 'cbradfordip@about.me', '$2a$04$gb/2hQAnW2SAWDL4SOHJeeRM9wiHvve3qiwyNU8BhOmQrYVXkKueu', 1),
(675, 'Christiana', 'Wheeldon', '0000-00-00 00:00:00', '576-63-4833', 'cwheeldoniq@yandex.ru', '$2a$04$kW0ieAsC9fTTjG3I/iXAU.Pq/lVaAPJD3q0wHa1qsHRC7D1uwpJjG', 1),
(676, 'Cordy', 'Dalston', '0000-00-00 00:00:00', '226-34-1625', 'cdalstonir@ifeng.com', '$2a$04$KUcH4b/WMEvAIQ5wAWK1vu56zVQUSD6mLWXnWqUhhc6XZqInPx8IW', 1),
(677, 'Bobbee', 'Kaming', '0000-00-00 00:00:00', '184-93-4236', 'bkamingis@tmall.com', '$2a$04$LX/dpjcs9X7meiSkPlH2KeeakNkRo41As1NUhT4UhL/762vfszaKK', 1),
(678, 'Maria', 'Dmitrienko', '0000-00-00 00:00:00', '316-59-9575', 'mdmitrienkoit@qq.com', '$2a$04$xuFkEmoOmyBXkQPLkbrfDexT25zlLH.njyIiyY/uDpmcm7HcVYvJW', 1),
(679, 'Nelia', 'Nuzzi', '0000-00-00 00:00:00', '638-01-8771', 'nnuzziiu@sohu.com', '$2a$04$gLTEbi674Y8L9hC5YJlkcerFWYQjYwW1qsHFG2VN7CiKonKMSC6fy', 1),
(680, 'Marco', 'Bellie', '0000-00-00 00:00:00', '239-64-8590', 'mbellieiv@mashable.com', '$2a$04$qw3AeaQWFg/VL1JbxpwwueRCfR1Bt1ZuM.mIXWDxhe4FbJJPnId2G', 1),
(681, 'Donnell', 'Carette', '0000-00-00 00:00:00', '600-97-2524', 'dcaretteiw@desdev.cn', '$2a$04$1UX/8pIZbWFsblyRfTr2k.3Muya5DktrYPOgB7Kqvn12SrOCcD9fe', 1),
(682, 'Wake', 'Skillicorn', '0000-00-00 00:00:00', '584-08-5323', 'wskillicornix@naver.com', '$2a$04$ZOzhB7.tfWaRXdb6KbPBl.UQhKguXfNkednhkTyPzddqhq7W2jsNS', 1),
(683, 'Glyn', 'Sprankling', '0000-00-00 00:00:00', '441-85-1378', 'gspranklingiy@weibo.com', '$2a$04$6bWSMmIs/0QmpuCLoGqPFei5sUWQTN4CtKcofVUvL1T82e.ic.K6u', 1),
(684, 'Mattie', 'Partkya', '0000-00-00 00:00:00', '820-63-1892', 'mpartkyaiz@cafepress.com', '$2a$04$pbOG4/9hiWf6TM02zknBDe2xFEDaPjA19.qEn9lB9xZzSYOCKW1.u', 1),
(685, 'Florentia', 'Gai', '0000-00-00 00:00:00', '813-43-7034', 'fgaij0@state.tx.us', '$2a$04$cCduVl3MJQc2sktwgpaGOuCtp1LK62Y59CRaeyAtOsUFXB6WXolTS', 1),
(686, 'Cordula', 'Graysmark', '0000-00-00 00:00:00', '669-24-4132', 'cgraysmarkj1@yellowpages.com', '$2a$04$gsX/0hks5nSG62A/.34.rOaQxup3No2FWnK8jVL34GtZtahNlkonq', 1),
(687, 'Rowen', 'Vain', '0000-00-00 00:00:00', '516-76-9053', 'rvainj2@earthlink.net', '$2a$04$gxcIlcWhLnHQ5OULfvZztuZ.G60//uNQX9X8aHlatXZIEBV93hVzm', 1),
(688, 'Travus', 'Espinos', '0000-00-00 00:00:00', '805-85-1734', 'tespinosj3@earthlink.net', '$2a$04$LsbQgyl4LLFCZc.se1QRMuAwoC.FFxJ7I3m9nGhcyPpbLYD0XwU6m', 1),
(689, 'Corilla', 'Cawsey', '0000-00-00 00:00:00', '172-39-0491', 'ccawseyj4@state.tx.us', '$2a$04$fiiCtgHtRhg4nQKpGlolYum38uGKtlVpcQdzWiebl3pBE2jAiwide', 1),
(690, 'Layne', 'Corden', '0000-00-00 00:00:00', '516-29-8238', 'lcordenj5@google.com', '$2a$04$amNFlqjXWluZEZmC5fuh3eEo3aWX.zV17S5r/DS8Q6BtwoSObVK4q', 1),
(691, 'Gwennie', 'Greaser', '0000-00-00 00:00:00', '522-68-5211', 'ggreaserj6@gravatar.com', '$2a$04$NdmEENDMBkPf5px7j7YeFOtF/sIULgaqBn6Dsi3o4kU1O45O7mGda', 1),
(692, 'Marybelle', 'Frangione', '0000-00-00 00:00:00', '106-43-2335', 'mfrangionej7@chronoengine.com', '$2a$04$XTXSp7avi/My2dvf7KsBNOuVEN1HPVYKAG9q1EaCbu8xR87sxD.BO', 1),
(693, 'Colby', 'Keyes', '0000-00-00 00:00:00', '851-06-1110', 'ckeyesj8@vk.com', '$2a$04$5LRNPRCCMFmfmYwkNsPF.OOaqr4k4IVZmd6odTQR7fEZazCYhfK2e', 1),
(694, 'Zena', 'Celez', '0000-00-00 00:00:00', '324-76-0718', 'zcelezj9@google.fr', '$2a$04$HnSSrmive/rUKA9c99oiZupfG5rIwWl9vJUcW3QBlpqYw6UyDNUd6', 1),
(695, 'Vivi', 'Dungey', '0000-00-00 00:00:00', '282-05-2869', 'vdungeyja@eventbrite.com', '$2a$04$MM8aptB/LF/2SxLc4vxeMOOr7jte631DXYWUEFAe5zKv4fzs/bzxa', 1),
(696, 'Lea', 'Malkinson', '0000-00-00 00:00:00', '544-03-4989', 'lmalkinsonjb@uol.com.br', '$2a$04$r2/jihy9HvMukIUm1.Q38OY0UMRREFO98vjMGFqR2euW.q6K4RTJe', 1),
(697, 'Bentley', 'Glanert', '0000-00-00 00:00:00', '660-10-3570', 'bglanertjc@networkadvertising.org', '$2a$04$palw7OB6MEadQ5XIJ/YMj.dPeq2yhKjqnWJiEpDCMNzKwrHDImCCq', 1),
(698, 'Garwin', 'Antoniutti', '0000-00-00 00:00:00', '763-58-8064', 'gantoniuttijd@tiny.cc', '$2a$04$OdNwpgE2fqX9xh3DoI6dXOTjaSW99lldPwychkeNvjYGR.80D14dG', 1),
(699, 'Oby', 'Woodyatt', '0000-00-00 00:00:00', '323-19-1888', 'owoodyattje@mlb.com', '$2a$04$Zxw4ESEpbk/Wy0AbqDU6yuGPlACZvY75vjHWo9sU8xvPoPSqx3Imy', 1),
(700, 'Cindelyn', 'Ferriby', '0000-00-00 00:00:00', '685-95-4585', 'cferribyjf@imgur.com', '$2a$04$PjdrtKMMFYvTer/esQ2T7u.aoodss5ozDgqU40RbRmoMLv4BHxUty', 1),
(701, 'Jefferson', 'Hutfield', '0000-00-00 00:00:00', '417-08-0087', 'jhutfieldjg@dell.com', '$2a$04$UUiSGjRrMK97Uq1B3RL/Feie7N5sfktIR/8W0vUTk8KPYvW73IHM2', 1),
(702, 'Brucie', 'Vedstra', '0000-00-00 00:00:00', '406-02-0270', 'bvedstrajh@360.cn', '$2a$04$YE61.plnJIDtQSXE9.SkJ.2jOF4TdibT.UH6FyLBHAcOe.5FY3rPq', 1),
(703, 'Alvinia', 'Lowin', '0000-00-00 00:00:00', '858-79-3765', 'alowinji@hud.gov', '$2a$04$VHdThOyWovQkPHnW0soJ7.cBlSXVFm3U.u368D4aIv9PDqpt.oZ5q', 1),
(704, 'Cesya', 'Yong', '0000-00-00 00:00:00', '822-58-7792', 'cyongjj@prnewswire.com', '$2a$04$bdWNEDLRGav89trDEy.WPOnjyuLm8.5TiqCYX0KC1p6bYRu/teCbG', 1),
(705, 'Henrie', 'Andreini', '0000-00-00 00:00:00', '740-26-0755', 'handreinijk@spotify.com', '$2a$04$Ei1hYP4wIxjKQYWtmS1EqeFIPIqaRSEvj/Elsw8Za8h.HMBIS6Zfi', 1),
(706, 'Vally', 'MacGarrity', '0000-00-00 00:00:00', '238-25-4904', 'vmacgarrityjl@ebay.co.uk', '$2a$04$6qbzIswZMKxzDwDbQ8MQO.pRoBgyBM1NZk.dakG3sN.2924Xhs4H6', 1),
(707, 'Charlotte', 'Vasyukov', '0000-00-00 00:00:00', '159-33-4580', 'cvasyukovjm@i2i.jp', '$2a$04$ww.gnlSsvQj5VCRMxmlMWe74x4W4xppGMkWpC0QPTxzqxXkq9bTy6', 1),
(708, 'Bobina', 'McLucky', '0000-00-00 00:00:00', '886-66-0316', 'bmcluckyjn@house.gov', '$2a$04$dTQLl/HBM0TDwZe0zC.sT./YIrdTN3kG8a6QLOjZiFhg2eGVqvHcK', 1),
(709, 'Gregorio', 'Sampson', '0000-00-00 00:00:00', '855-25-9945', 'gsampsonjo@clickbank.net', '$2a$04$ZF.g06sI31Xp5fLqdDNc8ewesIR2vdB.ejSr8S3VtKoobfknFMxR6', 1),
(710, 'Colleen', 'Clooney', '0000-00-00 00:00:00', '858-57-2314', 'cclooneyjp@domainmarket.com', '$2a$04$DSJqUzWo7VMkOwBgBbIdZ.cSLLqqXNjzPKGvsg49OOCfnGLVDL7F2', 1),
(711, 'Doralynne', 'Latour', '0000-00-00 00:00:00', '425-48-5484', 'dlatourjq@tinypic.com', '$2a$04$Ynso9nksZswoti2YIa.8.ugg1qdxdUpcyrcdxIZF83bV6HZcD.V22', 1),
(712, 'Phineas', 'Amis', '0000-00-00 00:00:00', '526-58-8639', 'pamisjr@howstuffworks.com', '$2a$04$QfnC0S4UEE2Iq4Q1/jvr1eUASXkxFjbHr4tPFOwmn75h11XOzZcKa', 1),
(713, 'Enoch', 'Arnaut', '0000-00-00 00:00:00', '143-15-9798', 'earnautjs@intel.com', '$2a$04$IksbbkN9Z.1/HIalMxAfN.c.ejH.bwVmLOQzCVY0FAhbnM5gqKdte', 1),
(714, 'Abner', 'Trathan', '0000-00-00 00:00:00', '234-06-0278', 'atrathanjt@google.ca', '$2a$04$oHUDtlifwfm.a.vKIqXBc.SBYriwbjyhGU9HWbF8HxPT361XepCw.', 1),
(715, 'Kent', 'Grimsdale', '0000-00-00 00:00:00', '813-28-8060', 'kgrimsdaleju@mozilla.org', '$2a$04$V07WZZu2BFyU8O6pB.XCfedC99y1XEzubs0D7ycdU2YmZAxK3kY2.', 1),
(716, 'Allyson', 'Packwood', '0000-00-00 00:00:00', '484-61-3836', 'apackwoodjv@icq.com', '$2a$04$UVhfF2QY5OwSPDhjo7qr.e/wujvnqToyGbrfzACICpqfAcXwAtYSK', 1),
(717, 'Stephie', 'Klug', '0000-00-00 00:00:00', '758-70-9946', 'sklugjw@bandcamp.com', '$2a$04$ueN9VOPWLsEBHrMjrXTc6OA4rHKkZ0A8E4TjXuV6AFdybdZmZx.yK', 1),
(718, 'Ad', 'Paireman', '0000-00-00 00:00:00', '665-33-1911', 'apairemanjx@eepurl.com', '$2a$04$05S.RIfl6b7LDgvXc22iku5Z0KlILBNl/3Tx9TqDjG4t1G20MbjDq', 1),
(719, 'Killian', 'Lippitt', '0000-00-00 00:00:00', '432-98-3702', 'klippittjy@goo.ne.jp', '$2a$04$M5HnGY7zq4jYHys0MrCcIulE6ELk83xG460sHsUd9XN98BzYk3XP6', 1),
(720, 'Jacquenette', 'Farrimond', '0000-00-00 00:00:00', '771-30-7534', 'jfarrimondjz@nps.gov', '$2a$04$lZ1W2MRpDzz015bHfXHrte/8m69dL0nyOegvZVvar7wZiDCG1P/P6', 1),
(721, 'Isadora', 'Juschke', '0000-00-00 00:00:00', '327-82-4423', 'ijuschkek0@arstechnica.com', '$2a$04$AL2wLkZDM8NdSRK/tcc1CuCHdRe6WntmatC664JAZ2f7ls01WMfrG', 1),
(722, 'Stacee', 'Janjusevic', '0000-00-00 00:00:00', '386-92-9020', 'sjanjusevick1@wiley.com', '$2a$04$JIxFov3b4qwj64KeFAXhHOOF9EgM6aLUd4HTuBbmy3RF0x5Rsaw8.', 1),
(723, 'Neil', 'Dallewater', '0000-00-00 00:00:00', '671-79-7582', 'ndallewaterk2@youku.com', '$2a$04$YWAvt7xZMWzvujeadUv1o.11VB3tqfg0HmAhlFa2hb1AD.Vj0wQTW', 1),
(724, 'Joshua', 'Nugent', '0000-00-00 00:00:00', '768-75-3396', 'jnugentk3@e-recht24.de', '$2a$04$F7r67jdVDT0bRu.ughVfp.wJtTN/ckN6Yy0oBfy8FUEjtAXfHYZHm', 1),
(725, 'Ive', 'Waterfall', '0000-00-00 00:00:00', '354-65-8721', 'iwaterfallk4@weebly.com', '$2a$04$j67NovfJ0JOGY8.f5gRXve2pfVonGNUTLhgLPPJe9SfXIrvl4hN0y', 1),
(726, 'Julienne', 'Leadley', '0000-00-00 00:00:00', '192-42-5050', 'jleadleyk5@prlog.org', '$2a$04$2n67DnW7EVIqUQo7BXGQFuswlSkH3s4NGVb16eauy5LeE6weRDRzK', 1),
(727, 'Henri', 'Errigo', '0000-00-00 00:00:00', '891-13-2714', 'herrigok6@sun.com', '$2a$04$tsK32UEn8xvQWoeSPNZsMuqcFPljUiQWSVDToaCn2UmOWJd0OUENC', 1),
(728, 'Lila', 'Torri', '0000-00-00 00:00:00', '701-89-2711', 'ltorrik7@gmpg.org', '$2a$04$yRkVu71txYG1eyO1rSTU8.ah8zxu9v.DMvmhveTslSphuVdaXoCVe', 1),
(729, 'Clo', 'Beggan', '0000-00-00 00:00:00', '465-99-5119', 'cbeggank8@blogspot.com', '$2a$04$MaRSpHsWuIyrw.unYkrTKOQG.aS637hpt/kiUK8sHofJUs1462wvG', 1),
(730, 'Geri', 'MacLure', '0000-00-00 00:00:00', '580-97-2268', 'gmaclurek9@wiley.com', '$2a$04$BxATiCEm5srJZAPBj1Or3e.Az411sVB7HmtI/NkS1/m1zJO3y5/NC', 1),
(731, 'Jordan', 'Geare', '0000-00-00 00:00:00', '423-99-1306', 'jgeareka@flavors.me', '$2a$04$O8Z1p.hIZ65SW/rUEhCOKuGjAkxFMO.r6IJnnf77UgEdWpE7xKMKK', 1),
(732, 'Garnette', 'Philipeaux', '0000-00-00 00:00:00', '883-36-5518', 'gphilipeauxkb@woothemes.com', '$2a$04$UPprbTT.W3uRdEaXUni8YupaV7uAjTh4DdtXhSTwf6Ik0H.HcCzGi', 1),
(733, 'Andromache', 'Gerred', '0000-00-00 00:00:00', '188-18-6120', 'agerredkc@blogger.com', '$2a$04$eI2hy1G7nHO6yWJS7lP0iu/1/rpHwAzxgt0Oto2qQtBWMD4Cl71iq', 1),
(734, 'Jillane', 'Ranken', '0000-00-00 00:00:00', '682-01-8078', 'jrankenkd@ibm.com', '$2a$04$FqxdWdTiyVKFBBJqbsQeWOFxU3kK0w0suia4gHeYG6RVqgZEC/rPC', 1),
(735, 'Rachele', 'Selby', '0000-00-00 00:00:00', '199-31-1972', 'rselbyke@whitehouse.gov', '$2a$04$IWKc9BHBtZsGVRR2cbyO5.DQRVQMIRPJ0MOboQtOX2CPt8CqKA2SC', 1),
(736, 'Miguel', 'Boast', '0000-00-00 00:00:00', '317-57-8284', 'mboastkf@google.pl', '$2a$04$T49ATbs3PoiE/zbpK1xqM.8FwgcVTgkIUZEp5azqJByYHaxXom9lu', 1),
(737, 'Lilas', 'Leedes', '0000-00-00 00:00:00', '843-39-6654', 'lleedeskg@1688.com', '$2a$04$ib66h.12l2Kk2QZBtnxBAubxaxLT7KgOXb7BX/1KoxmormenNEEzG', 1),
(738, 'Rosamund', 'Resun', '0000-00-00 00:00:00', '198-73-0669', 'rresunkh@163.com', '$2a$04$Xh0YZuILc/ZNzWznMBJGDezrOsRXy0gy0eXQlFI6x2CsgaN7hhUbe', 1),
(739, 'Mathilde', 'Alfonzo', '0000-00-00 00:00:00', '790-91-1108', 'malfonzoki@japanpost.jp', '$2a$04$rA/h97QLYdwJ5j8j9XJWveEjke3YvO9uDXl4ko9ROPL.HC59VCXMW', 1),
(740, 'Harriott', 'Braycotton', '0000-00-00 00:00:00', '263-55-9245', 'hbraycottonkj@com.com', '$2a$04$s/QytJjVRGhEi4nIvJd9d.QgptWa7.VNOJRkW.VxD9fcXCDdyhzk6', 1),
(741, 'Ricardo', 'Arens', '0000-00-00 00:00:00', '692-95-3388', 'rarenskk@wufoo.com', '$2a$04$o2KnbBlPQT9dbrjqZrKVpuQUk9eP1FN8Zd0FYOTtNTVQX55omKbfu', 1),
(742, 'Fairleigh', 'Rolles', '0000-00-00 00:00:00', '228-60-3267', 'frolleskl@joomla.org', '$2a$04$XytInDGDEV8/v26AmnTeveaLZx9yK7zzosayTreOIISxknEkN52C6', 1),
(743, 'Mead', 'Bashford', '0000-00-00 00:00:00', '106-64-9368', 'mbashfordkm@about.com', '$2a$04$3YIgF1VlTrqfLFkYSaRoVu2Hu7MEjhjJfkIpi6jHaTAcZnKFkeftC', 1),
(744, 'Gilles', 'Geibel', '0000-00-00 00:00:00', '193-53-6658', 'ggeibelkn@blogspot.com', '$2a$04$fkckSCng42MljDE8xtL4teEJVNhcA4bngbKCv22plQuzOXS3mMdHK', 1),
(745, 'Marina', 'Canete', '0000-00-00 00:00:00', '837-99-7550', 'mcaneteko@freewebs.com', '$2a$04$1RYD0aWA4GCj3VpGb4qjaO8MijPa/EsuD4AuRBKUPnrZMQv9fvI4G', 1),
(746, 'Abbie', 'Cloney', '0000-00-00 00:00:00', '888-77-3844', 'acloneykp@uol.com.br', '$2a$04$mdJJw4lQO3tng8i44zJWEOYwwZz0Ul2sH5t0Rq/VtpmI/HXz9Uete', 1),
(747, 'Brenna', 'Gilyatt', '0000-00-00 00:00:00', '562-16-5111', 'bgilyattkq@histats.com', '$2a$04$FW5lJZrsKO9z.1y7Wt7HAuUUDE.ZSUszeEmm7reEOuwvWplQLA.EK', 1),
(748, 'Ilyse', 'Attrie', '0000-00-00 00:00:00', '553-07-0907', 'iattriekr@people.com.cn', '$2a$04$7iscU.DKbn5jVQV9R1raguXe21uTO8WHL7b47Hx5oZffvMSbZP2/m', 1),
(749, 'Warde', 'Hibling', '0000-00-00 00:00:00', '224-27-9091', 'whiblingks@nyu.edu', '$2a$04$lH4XKzZ38OSz/w5q4Vl7Oexf1AAyvVkqztCwXYGNuL/4AFvO8LaiG', 1),
(750, 'Grayce', 'Lawtie', '0000-00-00 00:00:00', '407-27-4168', 'glawtiekt@google.com.br', '$2a$04$A1jXfdWL6vIs07N37BzKXetOb8/66mUSUDgRmnFNlcCNq/VTXkUIu', 1),
(751, 'Aland', 'Hughesdon', '0000-00-00 00:00:00', '142-57-9981', 'ahughesdonku@pinterest.com', '$2a$04$THLlOEtymBJydUsrCz4KJeXZ8k1iNnoS.rd.AoKBtZyAFkj8R8Ftu', 1),
(752, 'Nerissa', 'Conaghy', '0000-00-00 00:00:00', '409-70-9248', 'nconaghykv@wikispaces.com', '$2a$04$kTWlKaMlyx0l.cQh1oB1S.NZ7POtZD6QeV7YEudPBPbVY.6peS65a', 1),
(753, 'Pris', 'Hiskey', '0000-00-00 00:00:00', '731-64-0449', 'phiskeykw@shop-pro.jp', '$2a$04$8lAZkVsHyN5BRZdt0lFdyuMA620pblbMkMZ9yM9euBz384mPE07sC', 1),
(754, 'Melisent', 'Shoebottom', '0000-00-00 00:00:00', '660-83-5451', 'mshoebottomkx@fastcompany.com', '$2a$04$NaZ58z/.1MQju12DAKgxeerATCDBPanv4AjOoUdFbAr5RRJDPmuTO', 1),
(755, 'Roxana', 'Hixson', '0000-00-00 00:00:00', '330-53-3057', 'rhixsonky@purevolume.com', '$2a$04$O3mbouzqzU9pxtKySeGsK.ajfFbZ1I/IqlCjstnFvPrpNsb6tufBO', 1),
(756, 'Courtney', 'Eccles', '0000-00-00 00:00:00', '321-29-9824', 'ceccleskz@t.co', '$2a$04$xM.RXiT8gPJPAPOrbG3cu.JQU3hK9l0ICcw9EE8YMbtoPXG9ckwPe', 1),
(757, 'Gael', 'Gosneye', '0000-00-00 00:00:00', '266-21-1446', 'ggosneyel0@sina.com.cn', '$2a$04$06Vl174fMGXsBJBx6TifWeCtAbzqIPcgfAIf3qW/DNKBIQC.vJoai', 1),
(758, 'Consuela', 'Blanchflower', '0000-00-00 00:00:00', '316-59-7235', 'cblanchflowerl1@alibaba.com', '$2a$04$kw3pHCrJhcqDNNXJSFy7L.7remF5tTSRoMlyxjkiJT5u3EpKKs9TG', 1),
(759, 'Filbert', 'O\'Docherty', '0000-00-00 00:00:00', '762-20-8114', 'fodochertyl2@feedburner.com', '$2a$04$V22Y08cPlxW600Z1mC3WMe0CBDROngyBuTV/KsQsRFRUKrKjF5mu6', 1),
(760, 'Menard', 'Piscopello', '0000-00-00 00:00:00', '841-04-6300', 'mpiscopellol3@hexun.com', '$2a$04$n2pMthEaF2lVT3KR66DAxeuC53DMRT8KUqQLFTwNDbiV5i7s7LMju', 1),
(761, 'Tedi', 'Vanstone', '0000-00-00 00:00:00', '288-24-1865', 'tvanstonel4@mlb.com', '$2a$04$/VQbDaGJXbaJNFbyYvBGuuzJ8hLFudLII1W6dUEL2F25X2sh.tYkS', 1),
(762, 'Aksel', 'Gallafant', '0000-00-00 00:00:00', '785-58-7621', 'agallafantl5@about.com', '$2a$04$nxXpiKaJ/F3SayuVx/GYrujy2CLDgL9WECJecWnZINmrqRrw9y.GW', 1),
(763, 'Nolie', 'Margett', '0000-00-00 00:00:00', '771-28-2218', 'nmargettl6@plala.or.jp', '$2a$04$itOH45FNC.1v/dSldz5queBLgxj/bqtVLt5AUZIYkonS/pqmgZRcK', 1),
(764, 'Charley', 'Clemmens', '0000-00-00 00:00:00', '542-38-0666', 'cclemmensl7@imgur.com', '$2a$04$BqOOoeIIkM2JndmvRMI/uuSJdqwsbXxLQpb0LhqvpOPpaPguEnBV6', 1),
(765, 'Livy', 'Speeks', '0000-00-00 00:00:00', '445-90-2452', 'lspeeksl8@google.com.hk', '$2a$04$vN4zmlrF73ZJZVChM1AzYuYqVfNgd7.SDxAJC9umgaAIkBA/HGzve', 1),
(766, 'Lydie', 'Stovin', '0000-00-00 00:00:00', '799-43-5447', 'lstovinl9@xrea.com', '$2a$04$rs2Mc7cumzW1LYvlyD8R6eEXN4wiCIIORfhvgMhJWDEyf6wIAFbc2', 1),
(767, 'Molli', 'Thoumasson', '0000-00-00 00:00:00', '675-66-6724', 'mthoumassonla@cyberchimps.com', '$2a$04$ILAWc1i0x.f5UoS301z2v.qbjLeiVx9N6p8daRTgRuOe7i3IZsK4W', 1),
(768, 'Dom', 'Jamot', '0000-00-00 00:00:00', '506-23-1443', 'djamotlb@behance.net', '$2a$04$9MEhf6BLtw/iGEzlzBYTqOF1szePq4DtLmD4rOX/DiXQZ8.hdGOWm', 1),
(769, 'Jessika', 'Robertsson', '0000-00-00 00:00:00', '345-30-0242', 'jrobertssonlc@youku.com', '$2a$04$DAw1HO1iEe5s.A8MGfhf5ulI8ltM86hyeS/yCnHUiq/PVYuJfNz6O', 1),
(770, 'Janifer', 'Aizlewood', '0000-00-00 00:00:00', '600-73-8977', 'jaizlewoodld@hhs.gov', '$2a$04$Z2R0V0MY4bdw04LdxlNxh.M4a.X7H2iTXTPBkBbPoNJXiem93.lqS', 1),
(771, 'Halette', 'Jaqueminet', '0000-00-00 00:00:00', '827-70-7868', 'hjaqueminetle@plala.or.jp', '$2a$04$KKRWlERnRXK/h3JO2d7v..EU1GbRp9CjFRXnDH1zJt8jqGAbCQ/VO', 1),
(772, 'Caroljean', 'Colqueran', '0000-00-00 00:00:00', '844-17-4401', 'ccolqueranlf@free.fr', '$2a$04$8como4G..VJ1D.8h7L7DHe/DIqGcOwzIHzuk.PPoAiRdD4AyMucca', 1),
(773, 'Dorene', 'Coolican', '0000-00-00 00:00:00', '412-72-0373', 'dcoolicanlg@independent.co.uk', '$2a$04$3Kyg9.Eowk.jLujO1eiiouvEkeM2sE/odEES2K2EyhyQT41iVScHG', 1),
(774, 'Quintana', 'Fryman', '0000-00-00 00:00:00', '173-41-9381', 'qfrymanlh@sitemeter.com', '$2a$04$Jq/nqyKNbD3jhdmB15h0gO06fHHRqXJshhSYRkdhsNJnBPlMxusLu', 1),
(775, 'Kaylil', 'Boule', '0000-00-00 00:00:00', '754-81-9384', 'kbouleli@nba.com', '$2a$04$k84e/FARyT1mPk/cxtmKAeS3dR5fPiK.46mMctGTDEEXon0mZlG7e', 1),
(776, 'Michaeline', 'Matteo', '0000-00-00 00:00:00', '319-21-0727', 'mmatteolj@netvibes.com', '$2a$04$u1c6Nd/u7AhAbYh4jxUn.e1gOMx6wpdofwngCVp0zcp/zndrrXa0m', 1),
(777, 'Clemens', 'Hepher', '0000-00-00 00:00:00', '233-76-9649', 'chepherlk@amazon.de', '$2a$04$E5jqjB02Lhttl1boFY8gH.sEp7khnI9yB/AeoQULWDfLtBsHsT8yC', 1),
(778, 'Tait', 'Jedrasik', '0000-00-00 00:00:00', '108-60-0696', 'tjedrasikll@sfgate.com', '$2a$04$jQs0ngLITNjS7vtWNadu/O41n1R/zpZoGeuH9ELSEQSPQDSUBIvCm', 1),
(779, 'Barnabas', 'Struijs', '0000-00-00 00:00:00', '586-91-6822', 'bstruijslm@ihg.com', '$2a$04$8SpvH2ILGJBh8LINZb107e5dmCgfSVhGNadhRCV5nnZgq5jOlgVZG', 1),
(780, 'Myrah', 'Raccio', '0000-00-00 00:00:00', '653-77-4530', 'mraccioln@google.ca', '$2a$04$oyLSjWAkCWkNeF.ImKdIguODvMLGNZtmvSRLR1QpBbR1vj/ipp882', 1),
(781, 'Jill', 'Wedderburn', '0000-00-00 00:00:00', '476-27-4067', 'jwedderburnlo@is.gd', '$2a$04$9/azeFw.cOfWnjjg64ZuNOAWG41x1EXTHN0kiNu2XsArBLllzgUQ.', 1),
(782, 'Glennie', 'Ecclestone', '0000-00-00 00:00:00', '260-57-9947', 'gecclestonelp@wikipedia.org', '$2a$04$2vPDjmtrz3CxtBzMr8xCJeXQWnbjgofpywigv1tPPWfE7ZSVfrs5a', 1),
(783, 'Selene', 'Monshall', '0000-00-00 00:00:00', '550-29-4372', 'smonshalllq@independent.co.uk', '$2a$04$zCauLRUwgntmZgrUK2bLM.SFy.4CuazmlH4sKwPVC3WA9oghgHHGO', 1),
(784, 'Cliff', 'Turban', '0000-00-00 00:00:00', '684-14-2940', 'cturbanlr@time.com', '$2a$04$ZZPW9PYyZ/zSGEfs3b/5qOrN9kzflCycsn0YqLB0OyNM82Cg7ZMEq', 1),
(785, 'Lewie', 'Carmichael', '0000-00-00 00:00:00', '787-68-4271', 'lcarmichaells@smh.com.au', '$2a$04$KLtnbhQ4J6ZY3gGI6KJL9OJZYHv8nRDc4raG7Cm2tVaJy2jSkS2hq', 1),
(786, 'Meade', 'McCrackem', '0000-00-00 00:00:00', '321-57-7062', 'mmccrackemlt@wiley.com', '$2a$04$l.B2jaUmIpgACmGHhMzAQuHxngS.2eLmfeLXd2mm3hqgV9Ty61IKe', 1),
(787, 'Barnaby', 'Masse', '0000-00-00 00:00:00', '790-37-4489', 'bmasselu@google.fr', '$2a$04$4bzNfNYX8.QUezRKLCvcNeQ7j7/vBqcGST9zHixTg.y9VExkhXze6', 1),
(788, 'Dehlia', 'De Bellis', '0000-00-00 00:00:00', '632-89-8400', 'ddebellislv@slideshare.net', '$2a$04$UvHfXHvJR1atE6LcovlauO7lA4z7rq9hhpjjgVumKxfotXW9dq0zy', 1),
(789, 'Padriac', 'Chatenier', '0000-00-00 00:00:00', '719-40-2161', 'pchatenierlw@independent.co.uk', '$2a$04$rYA.N.RCE2ktS0bjaKzxrecY0xdXimw6iShCwrAYSNZsc67U7q7hi', 1),
(790, 'Mia', 'Cansdale', '0000-00-00 00:00:00', '639-54-8142', 'mcansdalelx@usnews.com', '$2a$04$owjIFX7Ey.EzapLcnmMUHePbU94Fyuf89r/W2bFJkhIL2yhc8/82a', 1),
(791, 'Edmund', 'Geikie', '0000-00-00 00:00:00', '675-20-8050', 'egeikiely@marriott.com', '$2a$04$XBlQ9X/auZcNE5pRSXBRy.Nc2jNpH4uQbxZpge/imPl0qlIYkKB3O', 1),
(792, 'Linea', 'O\'Corrane', '0000-00-00 00:00:00', '463-84-4446', 'locorranelz@4shared.com', '$2a$04$2aMknPHn4Q60zWA2l0cnd.7iGHscWLC423ETX7wngY12XRf3v7fbm', 1),
(793, 'Geralda', 'Manuello', '0000-00-00 00:00:00', '562-69-6288', 'gmanuellom0@microsoft.com', '$2a$04$z0jJdDHVgBQxx2fb6BIAnu3h2VDgadRLARZsg6LzRakdnkcaLSzye', 1),
(794, 'Norry', 'Threlkeld', '0000-00-00 00:00:00', '343-53-8886', 'nthrelkeldm1@whitehouse.gov', '$2a$04$HOIN5.GNBAA9fIK7SakGiuiu2Yzm4gaAyBCqTtV8jsR9/Akf55R92', 1),
(795, 'Friederike', 'Episcopi', '0000-00-00 00:00:00', '505-06-6342', 'fepiscopim2@goodreads.com', '$2a$04$mQcgMXkDeAFiBzL6RPD3Ze7cAZNJm.cxP7c280TEZTJHuy4Z4.fFO', 1),
(796, 'Debee', 'Parkes', '0000-00-00 00:00:00', '616-93-7889', 'dparkesm3@gnu.org', '$2a$04$qub1yPw3InPTIh27QIBKyevjixLxm4Spb.kN7pHrdhv0DgjYoJ8PK', 1),
(797, 'Carey', 'Oselton', '0000-00-00 00:00:00', '749-71-4024', 'coseltonm4@nasa.gov', '$2a$04$eJ4PN67aL8FsEFb6WmHuqOm6mDJRdGDIPDcFxyBJNGmM62Qqi6o..', 1),
(798, 'Evy', 'Allgood', '0000-00-00 00:00:00', '264-46-2716', 'eallgoodm5@psu.edu', '$2a$04$eyY4jLsncO8ncmL9HXUXbONf3oRkIdZ9FETVLzKXWe7K6PohlTQp2', 1),
(799, 'Wenona', 'Orvis', '0000-00-00 00:00:00', '240-38-6046', 'worvism6@sphinn.com', '$2a$04$733FYUhWG9W/3T5bTtoeV.3NvriD0pFyXiup6vHJpXV0rfU90g7Fy', 1),
(800, 'Mimi', 'Brettor', '0000-00-00 00:00:00', '679-48-6258', 'mbrettorm7@time.com', '$2a$04$mJ63IM3qKqsvORUbQspQ8.fPjx4LhqI0hs3FQ7nxeGGNpeyRcyubu', 1),
(801, 'Bunny', 'Idenden', '0000-00-00 00:00:00', '743-58-6508', 'bidendenm8@gnu.org', '$2a$04$a5iY.1rblYBsNTdq5u4cEeB2d87kBu/qk4JKnMcAhlNznUF/i1Lfa', 1),
(802, 'Gabi', 'Mackness', '0000-00-00 00:00:00', '772-60-3294', 'gmacknessm9@cafepress.com', '$2a$04$i21fLEw9HdmCw0fd7LhfW.XsvT6hr3rPhnyqdvvTtvudxV59pEQLC', 1),
(803, 'Bear', 'Searl', '0000-00-00 00:00:00', '861-75-9657', 'bsearlma@dedecms.com', '$2a$04$EUoYQm8b9d0wp1Imkbyza.EqhVJkm0QlAY/k9J1E04xlmLjt1Q6NO', 1),
(804, 'Brenden', 'Hurlin', '0000-00-00 00:00:00', '382-28-9366', 'bhurlinmb@rediff.com', '$2a$04$bV2qEoD9gNI75QZJ7hOp7OdydAchof6AUVgs8WfwN.QfNa.rEswjS', 1),
(805, 'Joycelin', 'Note', '0000-00-00 00:00:00', '151-50-5044', 'jnotemc@chron.com', '$2a$04$AqhhwB7WbtXD50J0fhrAPu4xHwMOTNiTu/FM4Bnx9c4rcRzduvszm', 1),
(806, 'Lamond', 'Astin', '0000-00-00 00:00:00', '234-72-6326', 'lastinmd@mtv.com', '$2a$04$KhK26OOpPO2WGpcq0H15O./T8sY8j3WYL7yxDomdKipBeZjLpQ2sK', 1),
(807, 'Brady', 'Kropach', '0000-00-00 00:00:00', '230-63-2318', 'bkropachme@homestead.com', '$2a$04$AyZNtxMntNqMkrn8GE3kU..2ZbsyNdbMPdn8D3zBmfk/XyA4QbJkS', 1),
(808, 'Nero', 'Machon', '0000-00-00 00:00:00', '125-54-1650', 'nmachonmf@archive.org', '$2a$04$lbKtqEwWa1l33ODqc4HxleAiNil6xm3OU4nd97OTtEgNcCNRWGzPq', 1),
(809, 'Shanie', 'Baldrick', '0000-00-00 00:00:00', '206-64-4143', 'sbaldrickmg@hubpages.com', '$2a$04$K7Ehe5xKSvsb.1fWHX0M..OzQhfdgZTkdNFTS.lOM7kKx9J68enNu', 1),
(810, 'Randie', 'McTerrelly', '0000-00-00 00:00:00', '575-20-0176', 'rmcterrellymh@si.edu', '$2a$04$jssgRmzFXB/mtOYqikBcL.pNMNwY85DkQ.CfdzCHB9oCRgAk5tyR.', 1),
(811, 'Florida', 'Apfelmann', '0000-00-00 00:00:00', '169-44-4327', 'fapfelmannmi@sciencedaily.com', '$2a$04$02kcaf0xRslCU5ez2hotIOtwBIwWdajhsuqTcBQzDDjJfsIgTspS.', 1),
(812, 'Ariadne', 'Antonias', '0000-00-00 00:00:00', '468-19-3814', 'aantoniasmj@goo.gl', '$2a$04$Y6Sy1dFp1XKT7e9KJ7OIoeN5W/y/8ToJ8fGUDsIDxky5G4.NtpdKW', 1),
(813, 'Jeannine', 'Gocher', '0000-00-00 00:00:00', '303-25-7382', 'jgochermk@smugmug.com', '$2a$04$y6i.KIjXRzOMbme8pI3YzOsil2FteC6mS40lyDYKz2EGL2FTqZ9pa', 1),
(814, 'Nike', 'Janczyk', '0000-00-00 00:00:00', '264-09-7254', 'njanczykml@dot.gov', '$2a$04$nk7CAC9reiv1OoNeLs0BUehzVCmJa/gy9XG/.KHKLdIu8LQOnyPTS', 1),
(815, 'Carlie', 'Pablo', '0000-00-00 00:00:00', '109-38-0623', 'cpablomm@samsung.com', '$2a$04$yGrHQws16qiHV.PzZzpAn.awjaWmiggAYKthIwlVuGjvLBONEl552', 1),
(816, 'Raymond', 'Springell', '0000-00-00 00:00:00', '695-72-3311', 'rspringellmn@google.com.hk', '$2a$04$b9Dwu7paBqseZSS/Ou.wYec/rHtsA19JJMs9XdLOSQ0TBdUzRhQ5m', 1),
(817, 'Amalia', 'Marris', '0000-00-00 00:00:00', '697-21-5912', 'amarrismo@hugedomains.com', '$2a$04$CdgyLHDLLw17V3xwmiumYuicI1UuPtq2gdiu8mPBYSeI7jhlmQW8a', 1),
(818, 'Christean', 'Wrigley', '0000-00-00 00:00:00', '604-67-1531', 'cwrigleymp@patch.com', '$2a$04$DCEa6.lMBLEEa3DifV5uh.kBuBP5ld7O1vG8zTt5ZTOtHR7RISqxq', 1),
(819, 'Ronalda', 'Sorrill', '0000-00-00 00:00:00', '387-51-0404', 'rsorrillmq@pbs.org', '$2a$04$ksZmiRDd2T.SWcnq8lyK1u1PDvbteWO6v8UUsADHUoQHdDXmCwfpa', 1),
(820, 'Zorina', 'Battelle', '0000-00-00 00:00:00', '468-97-4540', 'zbattellemr@samsung.com', '$2a$04$NETLzGI4W1gDMCYZr4z04.5Sb5OeAqZYideaJM/gvzHl9QfZMJxmG', 1),
(821, 'Sidnee', 'Jeremiah', '0000-00-00 00:00:00', '651-64-7956', 'sjeremiahms@fastcompany.com', '$2a$04$giNf9Qrwi2EIdH59/AT0pu9.L4NfEZTwPFGeCaKmbQWghPW85e25W', 1),
(822, 'Evin', 'Pauli', '0000-00-00 00:00:00', '620-65-1738', 'epaulimt@hubpages.com', '$2a$04$q.DJETw3qRIPh9MQdI3xB.Cbxuv7FAyVTc69jsxHLXUcFVXz8Mhwq', 1),
(823, 'Muffin', 'Cutress', '0000-00-00 00:00:00', '461-72-5505', 'mcutressmu@joomla.org', '$2a$04$iR7a2NwyKjeZUZPR1ZriQO67CRgomdobhPmMtfGdYw/cDSMS4MD6m', 1),
(824, 'Ilsa', 'Bicker', '0000-00-00 00:00:00', '472-41-5008', 'ibickermv@ifeng.com', '$2a$04$i3IHFa045.W2WOXCCtbGAOOvdd5cJnAKxZVh8yc7yhTAbX.4MytyS', 1),
(825, 'Lulita', 'Lickess', '0000-00-00 00:00:00', '140-72-7526', 'llickessmw@aol.com', '$2a$04$HBCNw3t4vgJGmJHRsV13ueeQu8u1KwiCY.Jv9fBNJVH4NIgJtG7xq', 1),
(826, 'Kaye', 'Seeger', '0000-00-00 00:00:00', '810-43-3876', 'kseegermx@epa.gov', '$2a$04$TpLHMyXS2t8Jr2cyAd5l2.tnW9raaZpgTN1b9q6kRUZwzE7mdXk/G', 1),
(827, 'Erny', 'Krzysztofiak', '0000-00-00 00:00:00', '743-82-2351', 'ekrzysztofiakmy@shutterfly.com', '$2a$04$RRtdEoVLLlEl9sZI8oPZD./OWxakOs9xcjaSn06kLr1rZEhH6VvO.', 1),
(828, 'Llywellyn', 'Goalley', '0000-00-00 00:00:00', '752-95-1182', 'lgoalleymz@google.co.uk', '$2a$04$w6bC0kAC7Pwn3au3o3hiNOaqLqCeyHlMLfDkd/jUI8Qym25DgJaPi', 1),
(829, 'Hayley', 'Myott', '0000-00-00 00:00:00', '248-81-1553', 'hmyottn0@posterous.com', '$2a$04$CuZjrbm1rkXvVkNYyMKhseLq3bciwaEj7gBnLTCAk6hoAhBmZreYK', 1),
(830, 'Tamas', 'Royden', '0000-00-00 00:00:00', '625-47-5263', 'troydenn1@ovh.net', '$2a$04$TBPvvH9SjSe26ZHMjnlu0.xksEPnC2p1aYPDK8jgGcx95G37NJf4q', 1),
(831, 'Tobit', 'Lomis', '0000-00-00 00:00:00', '588-61-4884', 'tlomisn2@amazon.de', '$2a$04$yTsFkb3sXhE.ViN9NjM8BuQ4fNSmPZTaRYJzKnLazyJkeTLRDezVG', 1),
(832, 'Normy', 'Cleever', '0000-00-00 00:00:00', '743-84-2563', 'ncleevern3@parallels.com', '$2a$04$rkWZ90dx26oNrGF7n4ifxOmyAQLAFjisI5Pywx3fsABe4U4M0/bTi', 1),
(833, 'Inna', 'Ratray', '0000-00-00 00:00:00', '102-30-9088', 'iratrayn4@twitpic.com', '$2a$04$ubx3tS9QcaKdafamzriD5uktSxPuE46IR/cUe36r1WPnN8RBdOoxy', 1),
(834, 'Vasili', 'Dismore', '0000-00-00 00:00:00', '242-97-2973', 'vdismoren5@house.gov', '$2a$04$E05tSBUAciuGTsjrehWUlOprLMf12MAqA67L.j/2KhPcL2sGSqalq', 1),
(835, 'Junie', 'Cridlon', '0000-00-00 00:00:00', '110-92-7303', 'jcridlonn6@youtube.com', '$2a$04$ZLBW.ozprrI1FD.vNscN/OcOPoRg0cHZajVrR3NjNa4HUuH6TErAO', 1),
(836, 'Ky', 'Christie', '0000-00-00 00:00:00', '416-19-7295', 'kchristien7@abc.net.au', '$2a$04$huOkhROQevUT.xZWj5nXy.RlZHvaMqZLdp1Wh7Feh/F7G89fnTLQ2', 1),
(837, 'Zerk', 'Rounding', '0000-00-00 00:00:00', '555-58-3269', 'zroundingn8@who.int', '$2a$04$Bqb.VRE7ZKcVVg6jQz/hiOlxWd/J8CciXihnj6yDlu9fFE6r877f6', 1),
(838, 'Anabal', 'Proger', '0000-00-00 00:00:00', '689-95-3200', 'aprogern9@hostgator.com', '$2a$04$6VClC06gzeCWJ2U12VM0a.Lr9Rd/DZ0afddiK.93/Drh0umq4z1MK', 1),
(839, 'Wells', 'Tilby', '0000-00-00 00:00:00', '743-63-2731', 'wtilbyna@i2i.jp', '$2a$04$KUejVgfl67If6HB.4IdGbunWaIrSqv78cr.PHsSMn5GT5O4rcNjmS', 1),
(840, 'Chester', 'Saunier', '0000-00-00 00:00:00', '652-40-0503', 'csauniernb@google.co.jp', '$2a$04$TJ5xUWP5vn5TkRwhCOeCuuU1yds9e0r4mbe0LFesuIodG2pclBv8i', 1),
(841, 'Garrett', 'Swaite', '0000-00-00 00:00:00', '416-52-8548', 'gswaitenc@digg.com', '$2a$04$mrNpJXLTqPDJZxauN2lAaOF2ld6rRpPjYmYLZyC1SE8IT/R2zoJvC', 1),
(842, 'Bernie', 'Bottrell', '0000-00-00 00:00:00', '511-90-9037', 'bbottrellnd@blinklist.com', '$2a$04$rgqrr66sMqdRcDuFbhX9AOnS2qxR67edqsScBocqXrj7NIeJeMBYG', 1),
(843, 'Ilario', 'Alvin', '0000-00-00 00:00:00', '714-18-3445', 'ialvinne@unesco.org', '$2a$04$WCFcYuY35TDuzaej436LtOy5i33wMJtrmhpltDG2xQaxW/3ZkxsqK', 1),
(844, 'Mylo', 'Hughes', '0000-00-00 00:00:00', '186-72-9699', 'mhughesnf@home.pl', '$2a$04$PDC9bL6oV8p0yEAsdzLP/.m5R4AwAPLlvlLoLuPXlQNKkOmiQygLW', 1),
(845, 'Hartley', 'Gwinnell', '0000-00-00 00:00:00', '159-71-1887', 'hgwinnellng@wikia.com', '$2a$04$uZFyaxXgMwXhUUz3c1pN2OdZWt5bV.GEhZxVUgJ6mvfuLv0oc7bQa', 1),
(846, 'Yves', 'Merchant', '0000-00-00 00:00:00', '202-11-4893', 'ymerchantnh@usda.gov', '$2a$04$mw/kFg./1UHXEKZ/dIbFTuCFkndf5SIAzcwvFGbgf3sAfmbmf9qRO', 1),
(847, 'Jobi', 'Row', '0000-00-00 00:00:00', '461-62-1824', 'jrowni@japanpost.jp', '$2a$04$T8u3GCAgTOnl13W0l1gtaOXLRHB1fC2Zmdr.xfyOVf5Wk22ve4dZC', 1),
(848, 'Jania', 'Bockh', '0000-00-00 00:00:00', '649-53-1705', 'jbockhnj@mashable.com', '$2a$04$le1dtzIkRRokWuFBx5B/p.bpR26q2A/UPYVVkrWFxxzm4ZmZ/skZi', 1),
(849, 'Letitia', 'Sheppard', '0000-00-00 00:00:00', '712-68-8464', 'lsheppardnk@pen.io', '$2a$04$pSa3pHzADz.PA1y9byp/Cegf4/RVNHTaK5VMTNVZPVfATRa4TyzKy', 1),
(850, 'Emmy', 'Lyfe', '0000-00-00 00:00:00', '243-81-8582', 'elyfenl@usatoday.com', '$2a$04$5uNe7aGKNAxm4y.xoSYJPepfYEi2Zt/RkmRyawPzBxDCrFKksNgqK', 1),
(851, 'Nico', 'Keble', '0000-00-00 00:00:00', '633-97-5737', 'nkeblenm@utexas.edu', '$2a$04$Kc8xgdJiETVJDrNIvD.rEOHBq6Di5qKrSze6ylJqHNmynLpZs28BW', 1),
(852, 'Ofilia', 'Warlow', '0000-00-00 00:00:00', '474-08-4698', 'owarlownn@prweb.com', '$2a$04$fbhKwnfQ6db5sKS00yy0qOjK5zv0H7k8IPAm0dTummGYN0KCVv2Ye', 1),
(853, 'Bartlett', 'McRamsey', '0000-00-00 00:00:00', '263-31-1316', 'bmcramseyno@last.fm', '$2a$04$GaIsT4WSqVUzDRqMrriT..rySg3nJOuFiittjhowVH.5B2/KZJl6S', 1),
(854, 'Bo', 'Vamplers', '0000-00-00 00:00:00', '618-59-1740', 'bvamplersnp@oakley.com', '$2a$04$DwzojOTbC8TMEjhPKtXWueSqVE4ZQnuv8rItnFTG2V4KQIZlFviz2', 1),
(855, 'Ashby', 'Christofol', '0000-00-00 00:00:00', '737-98-1739', 'achristofolnq@seattletimes.com', '$2a$04$685mePQrY03k5EjMSMcVgOAI5qkUMWSFnDVzgDFXhMd60gZ2TIUyC', 1),
(856, 'Arleta', 'Smyley', '0000-00-00 00:00:00', '686-30-4157', 'asmyleynr@deviantart.com', '$2a$04$LzIBR5eQ9PFueodLDRaure9pFG4.DdhFrDLh/v1XMiHtilXZaxhoa', 1),
(857, 'Uriel', 'Cleverley', '0000-00-00 00:00:00', '738-45-8581', 'ucleverleyns@myspace.com', '$2a$04$15FMdrSS9.iAE587vOatzuMFIUZeyNKKFktKu8Pa8KmdiwJsGemlC', 1),
(858, 'Hercule', 'Simkiss', '0000-00-00 00:00:00', '872-42-5235', 'hsimkissnt@bloomberg.com', '$2a$04$RJ7NeodF96DaRLjiBjIU1OB5UHrdXGH.rZhY0vTZI9XRi6W2tEDfm', 1),
(859, 'Stanislas', 'Cardo', '0000-00-00 00:00:00', '454-56-0555', 'scardonu@lulu.com', '$2a$04$j7RL0CWjxtkDrln6cAvj3OwWSwaJ.VvBvso.QruGDgBjt9FnQufai', 1),
(860, 'Adriena', 'Hatry', '0000-00-00 00:00:00', '309-41-1592', 'ahatrynv@parallels.com', '$2a$04$Li/xS0r8KJaDGuAUfbqzz.Lx89xqkVdcopyTjgESaUHFd7FHjfUCm', 1),
(861, 'Maurene', 'Blakely', '0000-00-00 00:00:00', '751-09-2935', 'mblakelynw@qq.com', '$2a$04$uvEnHfMOVn6o65wInFzO0uCD5gCOoUiFyVPUyU1rV9ZG36YLjWWA6', 1),
(862, 'Culver', 'Goff', '0000-00-00 00:00:00', '375-67-8098', 'cgoffnx@mashable.com', '$2a$04$LChEGnNLlhnrjSvIfQc.2.eMtgP/wPJJQzFYuylisAawLxFoCkI8q', 1),
(863, 'Naoma', 'Witham', '0000-00-00 00:00:00', '280-62-0275', 'nwithamny@gmpg.org', '$2a$04$gUNso1BpTtlKlGso4qkvbe.P5IG0I.E0eq1NEWR5Na/75gnYbRhyW', 1),
(864, 'Dannie', 'Scotchmur', '0000-00-00 00:00:00', '698-13-6473', 'dscotchmurnz@irs.gov', '$2a$04$A6SsibxJG11HqDhdvrLXs.MmG1o0mA2M5RmE4zu.EKFQZKWbZfcT.', 1),
(865, 'Shelby', 'McQuorkell', '0000-00-00 00:00:00', '521-31-9616', 'smcquorkello0@hubpages.com', '$2a$04$T0R9W3L6577U7Pk7Hui.KerJMMDWCAkSUw24qJLhMtBJd1wxaYFLe', 1),
(866, 'Grant', 'Collopy', '0000-00-00 00:00:00', '252-19-8679', 'gcollopyo1@barnesandnoble.com', '$2a$04$96l5LxAZMONZVhpmeiohle6.dqf30sc0ug2qSgMeX3dGc4LOLEfUG', 1),
(867, 'Teddi', 'Delagua', '0000-00-00 00:00:00', '625-59-0425', 'tdelaguao2@pagesperso-orange.fr', '$2a$04$yEwIcxTYfhWWLsU5DZDAie6X1xR96o1unLLY6g7dAjH70fBhU6e0W', 1),
(868, 'Cassie', 'Brion', '0000-00-00 00:00:00', '698-91-1773', 'cbriono3@berkeley.edu', '$2a$04$G1f6Jw9f7CRl5lbbtry7oedouDPxQ9C4ThQ24D3ajc/JTHNdg9cmO', 1),
(869, 'Hedvig', 'Ridoutt', '0000-00-00 00:00:00', '224-71-7839', 'hridoutto4@dell.com', '$2a$04$woS1Zs6.HXN5ONF2Uy93luJaEXo.zAY2rlBLT.VsCk7T3F3WjWKYO', 1),
(870, 'Aidan', 'Comiam', '0000-00-00 00:00:00', '810-53-7054', 'acomiamo5@sciencedaily.com', '$2a$04$pLdd1Q0UyjttZ3b5wkGmL.K6NSd2k6rrlFEE81onwaeloHmVHmzna', 1),
(871, 'Donelle', 'Faull', '0000-00-00 00:00:00', '586-91-9708', 'dfaullo6@istockphoto.com', '$2a$04$.30ThizkRcIanATGfnWk/eoIFw3TjlHGk4in7gaT5vtrxzdOZUHkm', 1),
(872, 'Cindi', 'Tonks', '0000-00-00 00:00:00', '356-84-5926', 'ctonkso7@studiopress.com', '$2a$04$JpfBTPuZykD/mnfYAnLt8OjHXPYnLOcxShzaGXV.ruX7u632w8zKm', 1),
(873, 'Adelina', 'Roberto', '0000-00-00 00:00:00', '513-03-6300', 'arobertoo8@fema.gov', '$2a$04$LtJMQSmUnsh10vNk/S9w4eju.kafxPICZi96yJFPsiyhdAHknNp3a', 1),
(874, 'Leif', 'Artharg', '0000-00-00 00:00:00', '104-70-6765', 'larthargo9@de.vu', '$2a$04$XGcpGwfYD4ax0HCUTzqfduWBcFWQCWcty0QxlqCF4u5jaCI.DGUqW', 1),
(875, 'Cobbie', 'Grebert', '0000-00-00 00:00:00', '641-94-4274', 'cgrebertoa@ftc.gov', '$2a$04$BaYUr/Crti5.rPbS6IETF.88.PeWYCQ.MxYSooEPZ5CLpGpu1z8em', 1),
(876, 'Arleta', 'Impleton', '0000-00-00 00:00:00', '221-36-9118', 'aimpletonob@fastcompany.com', '$2a$04$CIpZfzw1lBqCxge/2nsEQOHtnx5bCGLx5glnj4B2x5k691sawN2e2', 1),
(877, 'Sloan', 'Clemente', '0000-00-00 00:00:00', '258-15-7400', 'sclementeoc@networksolutions.com', '$2a$04$S9Hom/CT1SAFfleQv1hz1uTUKSwM5KxRPoDTp2c2SAIANuY3qyWtO', 1),
(878, 'Reynard', 'Kiley', '0000-00-00 00:00:00', '572-81-9668', 'rkileyod@sciencedaily.com', '$2a$04$0vC5P2/xW1FJb6JnB6XZEOaDgRhImFhGpDgH.HfuVw8O3Y..jbAii', 1),
(879, 'Korey', 'Phittiplace', '0000-00-00 00:00:00', '568-51-2198', 'kphittiplaceoe@canalblog.com', '$2a$04$GK/hec450bbe3XzUpiGWxO9J1aPgNDsVP8YEwrq.Oo1YcJRysRhte', 1),
(880, 'Grethel', 'Loudyan', '0000-00-00 00:00:00', '341-62-8114', 'gloudyanof@typepad.com', '$2a$04$YdxdS1OqTI42GHyudnuru.FuI7I22bQUEHG7j4fGsfNqtfWMnHd/S', 1),
(881, 'Hillary', 'Oakton', '0000-00-00 00:00:00', '190-47-0650', 'hoaktonog@mapy.cz', '$2a$04$Jm2aKcDLeBcug4NDxGrHyOh9FCWAxAC8ModZrwo/82gOxneAwDNOO', 1),
(882, 'Elicia', 'Radin', '0000-00-00 00:00:00', '701-84-3092', 'eradinoh@opensource.org', '$2a$04$12TABv3YxAR/TYg1NGa1w.UuEolliWIQrVojx5p5d67x1/iRLvtby', 1),
(883, 'Nani', 'Breed', '0000-00-00 00:00:00', '691-78-6219', 'nbreedoi@zdnet.com', '$2a$04$TK37UnKt0BrsAPAGx.7MAObmMAnfH8sVQpbeTuHKPbRaYXyMa3B9q', 1),
(884, 'Jeri', 'Yekel', '0000-00-00 00:00:00', '385-10-0778', 'jyekeloj@un.org', '$2a$04$hLe8IoMOgZe4HHChC1vPpu0KIXe2YQKoHeE0NxdmngbbZYaPeCx8O', 1),
(885, 'Anette', 'Conelly', '0000-00-00 00:00:00', '400-24-4373', 'aconellyok@bbc.co.uk', '$2a$04$X.BDsaAS7G5bHMV8.QFBXeNu1k1pIXc.dfROuzAKHHoH9l7CHQmFi', 1),
(886, 'Yule', 'Kilpatrick', '0000-00-00 00:00:00', '178-93-8883', 'ykilpatrickol@deviantart.com', '$2a$04$wfNhXR3msOdz7TJ6oxcsD.2htXNvH3JMV28hxzo7q9eXE5tQvHpj2', 1),
(887, 'Audie', 'Tregenna', '0000-00-00 00:00:00', '857-92-7890', 'atregennaom@hatena.ne.jp', '$2a$04$Tq.Ix9XxcGRwhPGb/Wgl7.Ec.Qh.RG5ZnzNEAihSB9/Al/UgwzVHi', 1),
(888, 'Agnola', 'Parkes', '0000-00-00 00:00:00', '580-63-0079', 'aparkeson@go.com', '$2a$04$RYD5i4FFLA3LPOegnB2AUuEH/kgyTOP5HfvAZak7SBsbKj94HxB8u', 1),
(889, 'Ezechiel', 'Leheude', '0000-00-00 00:00:00', '638-66-5984', 'eleheudeoo@toplist.cz', '$2a$04$vmBRJZzGZ/BViRA.FGj.KORz2nMeq0JNIyYTAdTWZx03C1KcLq/HS', 1),
(890, 'Whit', 'Sarney', '0000-00-00 00:00:00', '237-79-3745', 'wsarneyop@phpbb.com', '$2a$04$61fv7dBjXMP3BAgWiES6yeWgKdF5ImyBlOLJGeIKSapb1dsaNCX6G', 1),
(891, 'Ada', 'Petrulis', '0000-00-00 00:00:00', '521-96-5140', 'apetrulisoq@wikia.com', '$2a$04$mwYlpqZxao9Ik.vxwxSEMOjhlz8NGga50N0qeyuMfFLD1O1ybBBhO', 1),
(892, 'Dannye', 'Duerden', '0000-00-00 00:00:00', '234-38-0558', 'dduerdenor@answers.com', '$2a$04$gJ7qJKpnLgaTJg6XV5SbEOPvEWNjuXbeT4wbYMW6YAjBLxvn9uaXK', 1),
(893, 'Drusie', 'Belchambers', '0000-00-00 00:00:00', '104-57-5270', 'dbelchambersos@shinystat.com', '$2a$04$4QuhTH7NKJ2gu7yiGhcYVehjqnH.GgPF6..zca/PdwTpSWFLk8TNW', 1),
(894, 'Riobard', 'Gosenell', '0000-00-00 00:00:00', '652-82-9666', 'rgosenellot@state.gov', '$2a$04$OOksEUrfBJaBzcEKzinokOtzxIfisQNwp1UMhE1wDl6c8qWrhBkSu', 1),
(895, 'Alwyn', 'Schlag', '0000-00-00 00:00:00', '634-05-5233', 'aschlagou@example.com', '$2a$04$Ntdw4m4y84yQI2WJTCVZq.iwq9GqlvQ4lycx7X9bs8Rx3RYbveECq', 1),
(896, 'Alfreda', 'Berth', '0000-00-00 00:00:00', '121-27-3648', 'aberthov@posterous.com', '$2a$04$EEuXnDB.ixjTDu.fHQm.XOrYgCWnU/3W/CpkKJzfEUTooP5T64ttu', 1),
(897, 'Lishe', 'Hardaker', '0000-00-00 00:00:00', '370-93-0985', 'lhardakerow@hostgator.com', '$2a$04$FeYdL28KX1WrzPLuSZFQtub10gMESktE9J./nO65lUf9WdsIh1bb.', 1),
(898, 'Corny', 'Gallgher', '0000-00-00 00:00:00', '193-90-6063', 'cgallgherox@sina.com.cn', '$2a$04$dWymyh7u1vbtdMOB3wHBj.v8UOdNo35Phzv2FhgZgPc2HeF1Pgfci', 1),
(899, 'Willy', 'Arp', '0000-00-00 00:00:00', '345-22-6747', 'warpoy@mlb.com', '$2a$04$mJtF6P4TI6wozUL07dHj3.auWC8q6P/PQS5466TBy51fKliodUQn6', 1),
(900, 'Kirstin', 'Hasslocher', '0000-00-00 00:00:00', '644-13-3163', 'khasslocheroz@multiply.com', '$2a$04$H0vYlwqpRD4x4WfoqNCOjuw7EooZeLYp8b7CDGmeBc7wR14tCVz2K', 1),
(901, 'Lincoln', 'Meatcher', '0000-00-00 00:00:00', '361-84-7216', 'lmeatcherp0@dailymotion.com', '$2a$04$ALoz24aQkhY9VgVJLcfZkexTdQV9SCoPCxGAX25lzz5OIWIhQ4Itm', 1),
(902, 'Averil', 'Card', '0000-00-00 00:00:00', '180-94-8755', 'acardp1@gizmodo.com', '$2a$04$/qJAfd/cWH.tr1vjsVrPHOR7BI.XBmshMrB2J4zkIDKHdHtXClU3G', 1),
(903, 'Esmaria', 'Piens', '0000-00-00 00:00:00', '330-36-1047', 'epiensp2@purevolume.com', '$2a$04$hbiIHLDfSEIdLJzSO6Fp8OvaA9IgdVrfhyjDy3kUoGUegwGAXxLd6', 1),
(904, 'Maurice', 'Cordie', '0000-00-00 00:00:00', '434-05-0773', 'mcordiep3@go.com', '$2a$04$lLtOKUkWPI3lYyB1WSUdAOoeXjuim4OB8CcH3TkbYaZiu7c8VkJeG', 1),
(905, 'Aileen', 'Levens', '0000-00-00 00:00:00', '817-60-8584', 'alevensp4@vkontakte.ru', '$2a$04$VKqnsv42JCzN/xf5/n3IFuu5bJMBTAXwyDCOxhyJhrkPZPVcq7XCe', 1),
(906, 'Kynthia', 'Mocker', '0000-00-00 00:00:00', '609-72-9487', 'kmockerp5@ca.gov', '$2a$04$KrZE2zqxhvXeF6UNc6onze3Bahfnlr6W5L0Jux.SrQXTiFvfuY3wO', 1),
(907, 'Cathryn', 'Riccioppo', '0000-00-00 00:00:00', '783-85-5353', 'criccioppop6@ox.ac.uk', '$2a$04$9chr67w4eFNxYfEonVFskeuQcMi7P0dJwbwGccvSqW/hw2pv5yPti', 1),
(908, 'Ignacio', 'Swatheridge', '0000-00-00 00:00:00', '705-99-2862', 'iswatheridgep7@newyorker.com', '$2a$04$39zg.TMPEzEP7pGvV6ELd.ZwWLrM0DEdr9upQ2job.GAzDs5DeAyW', 1),
(909, 'Peggy', 'Bratty', '0000-00-00 00:00:00', '694-83-3825', 'pbrattyp8@mapy.cz', '$2a$04$69/hOlJ9CjFcSAb1v27Vduu1287OKvfZ4qCtGxX4xkjma26rlwSsW', 1),
(910, 'Cristie', 'Bugdall', '0000-00-00 00:00:00', '719-90-1943', 'cbugdallp9@ca.gov', '$2a$04$KbQ2RwxbHsa5hktywVc4uOwZwJJ6e9DtMLCPKOIW4Yj3SDtZYdFxW', 1),
(911, 'Pip', 'Dickins', '0000-00-00 00:00:00', '279-70-1569', 'pdickinspa@zimbio.com', '$2a$04$mWYu1xzr80o32hFO05vg3eOIzfyXO6OGfo7J0u1IKh/Bc9kx85rni', 1),
(912, 'Ronni', 'Sinisbury', '0000-00-00 00:00:00', '605-74-6680', 'rsinisburypb@businessinsider.com', '$2a$04$yWdLH4DWEQCfbl6gccpw1u3hPaae4wscE.YE5X7uSzAh/q7rcjpGW', 1),
(913, 'Ayn', 'Aujouanet', '0000-00-00 00:00:00', '528-15-3510', 'aaujouanetpc@discovery.com', '$2a$04$oRPjAHm5uCwaHHl.YX.UwONOWHsTwvamzDuygVzGmtQBll.2REu02', 1),
(914, 'Desi', 'Parsonson', '0000-00-00 00:00:00', '420-25-8578', 'dparsonsonpd@latimes.com', '$2a$04$RdisDwKMvHpHDMACM3VC4uTZvq2.BzyAKS.kvB7MeyPowk75HO6yy', 1),
(915, 'Maynord', 'Whitlow', '0000-00-00 00:00:00', '534-42-6373', 'mwhitlowpe@themeforest.net', '$2a$04$teJezZXqFTG7lrTlm4HgUe7EJO4SOkahh9dN4mLWGHdRp8I4jnkzO', 1),
(916, 'Kiley', 'Muir', '0000-00-00 00:00:00', '184-23-4665', 'kmuirpf@tinypic.com', '$2a$04$xuK/6/c9TqpTSVytwuc7E.OaVcSGzr6otfAJSc2c3OQUH4wtgEoSC', 1),
(917, 'Mallissa', 'Conn', '0000-00-00 00:00:00', '520-77-5872', 'mconnpg@sciencedaily.com', '$2a$04$.ZyW8erU1VvUytDlnNv3iemoydbRfsK2kmeEf9LBaeIdg1VychapK', 1),
(918, 'Port', 'Ewen', '0000-00-00 00:00:00', '485-17-8526', 'pewenph@51.la', '$2a$04$EbELstjY0TVorjhygIX6X.IXd5yx1qmA5mDDIFrrVoD5Hf71Ef3Ca', 1),
(919, 'Talbert', 'Tearny', '0000-00-00 00:00:00', '626-95-8579', 'ttearnypi@1688.com', '$2a$04$LyemHAI54T1rfc0vIwoH3OU.UruOlxza3RFQ59qg9ga7gKcogWtgS', 1),
(920, 'Nick', 'Etheridge', '0000-00-00 00:00:00', '691-80-8992', 'netheridgepj@statcounter.com', '$2a$04$4pdlBZ.Mpsry0An.7it2I.jbjARxhCf6RpvRVjh8oab6Ed9lNafz2', 1),
(921, 'Rahel', 'Yukhnov', '0000-00-00 00:00:00', '264-41-2853', 'ryukhnovpk@dyndns.org', '$2a$04$tSy1rDbNdSgNFWGoYch9vOMDMZrmVm6hcuX2MRjbxC5.Vo6vMWSAu', 1),
(922, 'Marcille', 'Maxfield', '0000-00-00 00:00:00', '361-16-8877', 'mmaxfieldpl@redcross.org', '$2a$04$0Ok9My13KiqEDz.uWnuka.iV9/Tri1ezM1NK6jMuh9IYi3vHd.V.O', 1),
(923, 'Bronnie', 'Ettridge', '0000-00-00 00:00:00', '380-12-5419', 'bettridgepm@answers.com', '$2a$04$cgPnHMA.0KtV/MDqFaSfOOOwqUX0FxgPEv75b0BbZl/W186j7eIbC', 1),
(924, 'Kele', 'William', '0000-00-00 00:00:00', '199-13-9749', 'kwilliampn@scribd.com', '$2a$04$oEmtACiKHhBh/hI9EcvxyOtRguMcJy6y0b.w0Kw3iqrizQ4f4lKn.', 1),
(925, 'York', 'Dewfall', '0000-00-00 00:00:00', '861-09-4236', 'ydewfallpo@amazon.com', '$2a$04$PNWaYzlEz1N2EVrJvLT1peUauBmTnqUzgN.RGRTo5Va49vjAihIMe', 1),
(926, 'Wait', 'Hantusch', '0000-00-00 00:00:00', '452-54-6147', 'whantuschpp@sakura.ne.jp', '$2a$04$jofdyE085eNJbocdiv3H/eXzoq.8YGmdYw9aWF1TQpW50ZyNB3PYW', 1),
(927, 'Lucinda', 'Matyatin', '0000-00-00 00:00:00', '151-66-5452', 'lmatyatinpq@hugedomains.com', '$2a$04$0DdhOZ9C2Ucngg292877feNgVs42/mhUhl79UcTvZKL4GlYRVjN4W', 1),
(928, 'Delainey', 'Mahaddy', '0000-00-00 00:00:00', '471-73-2341', 'dmahaddypr@flickr.com', '$2a$04$ImCQMFvtzJ7VqPP0HKO1eOfGOjVC6s43D6GqgnQJXZqHeYyBEC6gG', 1),
(929, 'Sasha', 'Dreier', '0000-00-00 00:00:00', '264-50-9833', 'sdreierps@smugmug.com', '$2a$04$wNjQ7fhRAcEqPHIW.eQH5eLH7Qaa4Toae1wmkleX8Y3gbdQEXsVAa', 1),
(930, 'Oby', 'Abotson', '0000-00-00 00:00:00', '286-59-9987', 'oabotsonpt@yandex.ru', '$2a$04$zyQhZeS3QjDiKG3kJqNI6eAyYlEymJZJjs9llnETxVi1.zKS.fH6S', 1),
(931, 'Jannelle', 'Rickards', '0000-00-00 00:00:00', '842-57-7218', 'jrickardspu@umich.edu', '$2a$04$H3LYSl5Hdwwln.lZYRPRfeIlsgC9DHezgtbTcUh24.qD6m1kuLfbe', 1),
(932, 'Gustaf', 'Danilevich', '0000-00-00 00:00:00', '699-33-0843', 'gdanilevichpv@fema.gov', '$2a$04$NODQtgRi3kPhwV6BqcrMpe5xuPCGP9JZQcVr95kpmR9Rlei.l7Yry', 1),
(933, 'Clayton', 'Ferenczi', '0000-00-00 00:00:00', '109-64-5687', 'cferenczipw@yellowbook.com', '$2a$04$8y/XxgGnyuVMpTaMDMcXP.NzrdyAN7msUhAQN6cyeVmBtIuXn5dSi', 1),
(934, 'Derril', 'Biddy', '0000-00-00 00:00:00', '220-11-5094', 'dbiddypx@wikipedia.org', '$2a$04$Wxvrf2CBUbTrOuKPlV0OBe77RZvCUV0BYE9l1KEeEvF.6yYdcH7G6', 1),
(935, 'Maxie', 'Hintzer', '0000-00-00 00:00:00', '448-95-3161', 'mhintzerpy@google.nl', '$2a$04$lue/axHi9NkBk/N3BglkEe5qX5XJs/LvdwvFOQUmne7Srjzwvzj62', 1),
(936, 'Tallie', 'Minot', '0000-00-00 00:00:00', '480-91-0395', 'tminotpz@apple.com', '$2a$04$wSdJ0Rwb8jSt9gNS0vUHwezY57Lp5opdsebYO9oFBKXlOK/UhvYWW', 1),
(937, 'La verne', 'Dibson', '0000-00-00 00:00:00', '894-49-1469', 'ldibsonq0@eventbrite.com', '$2a$04$iT4d39Pr5PzD0fpSBeTWHOYw1RySMF2xBNQv6KnjSn64.IlDoDknu', 1),
(938, 'Sherilyn', 'Neal', '0000-00-00 00:00:00', '693-13-9506', 'snealq1@zdnet.com', '$2a$04$5TxfpZEtVJF83fsEipdzreroxaxdkgFKMzQhcVwzgMgD5/BnEewNK', 1),
(939, 'Marcela', 'Cosser', '0000-00-00 00:00:00', '558-37-6206', 'mcosserq2@bbb.org', '$2a$04$WvRZctzbqlrXnIYKmxj.ROpRhu9huybi2DiTDIYUR.sh/xH9nFRjS', 1),
(940, 'Jaclin', 'Harnott', '0000-00-00 00:00:00', '116-33-9983', 'jharnottq3@elpais.com', '$2a$04$6Q60OiLhHx3Orade/y1QIe.862HxJ3uiWouJSVXy3Ns/WgfmP8r82', 1),
(941, 'Thibaut', 'Matisse', '0000-00-00 00:00:00', '747-19-9516', 'tmatisseq4@mozilla.org', '$2a$04$2k/ZIByLK.6rt2di3/eMYu25MW/YiqSKtPf.swMLSU1fECg/zUZgG', 1),
(942, 'Costanza', 'Kincaid', '0000-00-00 00:00:00', '461-38-6325', 'ckincaidq5@vistaprint.com', '$2a$04$dX.Fb57N7vN/vcdlKtB0AuwILlXMKDqnUqEXUfAKeReNYZe8mpDtq', 1),
(943, 'Cobby', 'McCaughran', '0000-00-00 00:00:00', '426-80-4559', 'cmccaughranq6@ifeng.com', '$2a$04$AVKe7uU2PD/yWMaGtUIwV.K/lW8DwtdBSuEL8bNyW/Qg/NXApplA.', 1),
(944, 'Cullin', 'Angear', '0000-00-00 00:00:00', '382-18-0095', 'cangearq7@t.co', '$2a$04$lbzfHNhfbjBxL99hUbFZpumDRHWyaoV7XE/cgpMunYB7RhyQ1s9Te', 1),
(945, 'Kerstin', 'Eldon', '0000-00-00 00:00:00', '600-27-7404', 'keldonq8@toplist.cz', '$2a$04$WxsHNFdCMKhNkvWvyH8T8OZ/N11rnA3FgKH8l7gJACaNcdkUNnnXm', 1),
(946, 'Fleming', 'McCleverty', '0000-00-00 00:00:00', '370-19-6227', 'fmcclevertyq9@ebay.com', '$2a$04$K3RQuPggTDlNYXZJBjPx3etkHk/MgKeZhfIA0vlmZ/N3N3JgOMn4q', 1),
(947, 'Clair', 'Caveney', '0000-00-00 00:00:00', '764-34-5110', 'ccaveneyqa@icq.com', '$2a$04$VwfW0eJBj8P0TVQB7KQUpOAY6Ip3ywJGkhwaUB0JNvQ..m/tkry5G', 1),
(948, 'Anestassia', 'Aleixo', '0000-00-00 00:00:00', '492-11-7255', 'aaleixoqb@jalbum.net', '$2a$04$UpBDFkaKAqz4fznOC9ArgeWDvBAi0FTzcgBcD/rfcYk1uOggjV.jW', 1),
(949, 'Wayland', 'Fears', '0000-00-00 00:00:00', '303-84-9487', 'wfearsqc@wsj.com', '$2a$04$Eh83A/MryQkOGAA4EehOrOClY2cLNPqKpz.nhMndBl4XO2zZKBEp6', 1),
(950, 'Weylin', 'Humbey', '0000-00-00 00:00:00', '849-70-4600', 'whumbeyqd@unesco.org', '$2a$04$npfPPooxWwMOPXS9gsq1zOLuKojJiNrBafELlDyVLTh.9rY1/Dac6', 1),
(951, 'Rik', 'Guierre', '0000-00-00 00:00:00', '310-07-1101', 'rguierreqe@yellowpages.com', '$2a$04$6AYYnIhAINf/4Yo5pMBWzeWAPx4Ttz807knlmbMmtK.2DH67J5fqW', 1),
(952, 'Odelia', 'Qusklay', '0000-00-00 00:00:00', '224-13-7351', 'oqusklayqf@arstechnica.com', '$2a$04$FStMinsjsN8nC.yGl/tJY.PF26E.Ldw8x50YWRR8XF1/ZRBYIc6VK', 1);
INSERT INTO `users` (`id_user`, `fname`, `lname`, `birthdate`, `telephone`, `email`, `password`, `id_adresses`) VALUES
(953, 'Edita', 'St. Ledger', '0000-00-00 00:00:00', '556-19-4407', 'estledgerqg@moonfruit.com', '$2a$04$NeN4xIczLQk65GmDcI3ZOuC4mjeBuag5KkGhBdH9q3CyV60s93j/e', 1),
(954, 'Nancie', 'Dolton', '0000-00-00 00:00:00', '369-77-1479', 'ndoltonqh@ihg.com', '$2a$04$MNZie.lO0WgCSX.QheUW2.48C8SCMIFrQxnMcHJTYTxok/WBK3iw.', 1),
(955, 'Moe', 'Pozzo', '0000-00-00 00:00:00', '838-11-0515', 'mpozzoqi@ifeng.com', '$2a$04$g604852DRxESsxrtAg4sbePCN2fLPDNgZhjETC7t0xWp/0xTHc4/O', 1),
(956, 'Langsdon', 'Alvaro', '0000-00-00 00:00:00', '236-90-6075', 'lalvaroqj@loc.gov', '$2a$04$ljb14D.bLZmQpZnUD3ym4ulF6Y60NtKP75zaOzE0mAMI6ZuxG33Li', 1),
(957, 'Carolus', 'Meach', '0000-00-00 00:00:00', '160-03-3330', 'cmeachqk@123-reg.co.uk', '$2a$04$SdoszDNK2n6QHhRR/JxThe3V3gdGJNXyvtAoj7RJGo1KdtKvBKYcW', 1),
(958, 'Saunders', 'Garvagh', '0000-00-00 00:00:00', '744-11-3026', 'sgarvaghql@google.fr', '$2a$04$OXkKhfd1Rn.0QHvWq2vX/e/.9PT7orxep6G.Ms3qK/k2Lw6g1R4/K', 1),
(959, 'Maximilian', 'Bachmann', '0000-00-00 00:00:00', '856-55-3852', 'mbachmannqm@unesco.org', '$2a$04$qY2sS7fMszodVD6Lx6afHO0MlC8O.qNvW/HSu0t8th38aLn2pFJSO', 1),
(960, 'Melloney', 'Columbine', '0000-00-00 00:00:00', '843-86-3770', 'mcolumbineqn@dedecms.com', '$2a$04$ZNhvIcrWsIJ/LE5RO1omwOf66NI8gw8t1P7YI5OVkIgw.7rCbFiJS', 1),
(961, 'Reinold', 'Sanches', '0000-00-00 00:00:00', '225-29-0060', 'rsanchesqo@photobucket.com', '$2a$04$6F7l.ZiD0RbYpkZ7B/SP5.Wyf9GvO.DT4CsLrbOMF24ndkSpKL8h6', 1),
(962, 'Elston', 'Deniset', '0000-00-00 00:00:00', '525-56-3395', 'edenisetqp@walmart.com', '$2a$04$QWeP.K1/k5JuF5wZCplMYeHSGmGdFPdupWhAvLpK6SAL7D9yWpthu', 1),
(963, 'Erl', 'Allcoat', '0000-00-00 00:00:00', '665-74-5233', 'eallcoatqq@blogger.com', '$2a$04$cTYhaER3shTF.hZIRRqe6ulfS4tVuPlr0kQ89M1XP2KYPM3vlFJyu', 1),
(964, 'Gustavus', 'Goldingay', '0000-00-00 00:00:00', '378-35-4815', 'ggoldingayqr@amazonaws.com', '$2a$04$z01dFXlu50enrXMxDmUXL.SmM9r.Cp6x3sBGULSJnW0GRuQWy82Oi', 1),
(965, 'Athene', 'Huxster', '0000-00-00 00:00:00', '136-59-1658', 'ahuxsterqs@sphinn.com', '$2a$04$CvnviXnRuPSdaZl9XtRPfOZYH.6tergenoe8oz9BhnpbtfS7WwXRW', 1),
(966, 'Derick', 'Mendonca', '0000-00-00 00:00:00', '627-78-1065', 'dmendoncaqt@europa.eu', '$2a$04$.2zMKJj7jtL97aMrrbBh2ePs5UOS66C/mz3DJxt/JF4kcYkiwmpSa', 1),
(967, 'Miles', 'Waliszek', '0000-00-00 00:00:00', '458-19-0761', 'mwaliszekqu@delicious.com', '$2a$04$k52F/YskwMTmfSh.FzMjruui49hQZVzuKz642a21nNfBVHTbyUggq', 1),
(968, 'Twyla', 'Iveson', '0000-00-00 00:00:00', '884-97-4233', 'tivesonqv@miibeian.gov.cn', '$2a$04$W0p/hYCL5Uidxcoklfw3IOMLfZGJXXU2jX1BupvKYuDS6//mtfhgS', 1),
(969, 'Ynes', 'Bellsham', '0000-00-00 00:00:00', '839-94-6450', 'ybellshamqw@tamu.edu', '$2a$04$939Vt15G9X0pxNVYJg/zWOmutsN9firEZtD/hxJxdSlwZnw6PaMOe', 1),
(970, 'Jazmin', 'Saphir', '0000-00-00 00:00:00', '796-72-5225', 'jsaphirqx@fc2.com', '$2a$04$zYPNdPJURTUEXKKK5LviUe0IQQJJDqlMrYS5xgfz.9ik6X/p0L/36', 1),
(971, 'Juana', 'Jahan', '0000-00-00 00:00:00', '808-41-4374', 'jjahanqy@admin.ch', '$2a$04$oik7N9g3f6eRCBId/AyAMO.2OMGHMndjXhyWKA8R.//vnneMFLSdq', 1),
(972, 'Kingsly', 'Kabos', '0000-00-00 00:00:00', '284-12-2065', 'kkabosqz@diigo.com', '$2a$04$Kwvl6vT5tnoqc0v5UemQ8eCRKzhCXtQbX62azXXPblNGoGIqJ8c06', 1),
(973, 'Guy', 'O\'Hoey', '0000-00-00 00:00:00', '766-78-6073', 'gohoeyr0@google.ca', '$2a$04$0FWrUNC0dFpoPZskX.nT7uBJ9798Xs9OkICRgnxi5dNsnqKbmrUaS', 1),
(974, 'Gertrudis', 'Blakemore', '0000-00-00 00:00:00', '516-24-1598', 'gblakemorer1@bigcartel.com', '$2a$04$YgHahZCDRSqZOtvAh/PBm.oNQ5QIW1vAtCMNTa7LlAE0HN4Iz2KHq', 1),
(975, 'Kessia', 'Winterborne', '0000-00-00 00:00:00', '891-27-6022', 'kwinterborner2@ucoz.com', '$2a$04$Z7JCXl8wR6AM3dyp4SwzQuacWtY36.lEbZ8jEtYZz9cXWY1lAr9ze', 1),
(976, 'Arleyne', 'Quakley', '0000-00-00 00:00:00', '568-48-6483', 'aquakleyr3@indiatimes.com', '$2a$04$gBMfAwprcbUfZlioG4tfmOgIr/4XtJrE7cl8qjsDn1PaMiYcEe1j.', 1),
(977, 'Christyna', 'Bowmaker', '0000-00-00 00:00:00', '271-75-0421', 'cbowmakerr4@va.gov', '$2a$04$hi/i9y1c/L3KwCHanPNDsuVhsZ7NIVvHVFfrChfnb4lyvcSTKmTey', 1),
(978, 'Cameron', 'Rickersy', '0000-00-00 00:00:00', '129-24-4100', 'crickersyr5@imdb.com', '$2a$04$avjXIPwo5kzSwO1J/auoUOQ5l7nJDpImtGLhJw8lELWrK.4QRXcFS', 1),
(979, 'Nicky', 'McHaffy', '0000-00-00 00:00:00', '455-79-6094', 'nmchaffyr6@cbc.ca', '$2a$04$5wGSzkC9yzJZBrpuIXRrMeDoscz/gJNdsg1tLsnHW9SlJ5VQDkBc6', 1),
(980, 'Rowan', 'Dooler', '0000-00-00 00:00:00', '224-60-7105', 'rdoolerr7@who.int', '$2a$04$bN21B6ojFiRi.NZxVUltseZyE2V.lw1y8oxgNIxsDLDNbv6GRKVyW', 1),
(981, 'Kayne', 'Schoroder', '0000-00-00 00:00:00', '857-48-8099', 'kschoroderr8@facebook.com', '$2a$04$xBHXSDebvGL/Jp9usBY8lukNbnYd2079/uhMYChiVuh8Uhv8hQxBy', 1),
(982, 'Lanni', 'Bysouth', '0000-00-00 00:00:00', '249-86-1552', 'lbysouthr9@list-manage.com', '$2a$04$eoYQH19PHdwqAAtMXSxaIuzYVlZQHWchXO6p6Rz5a8SW4l.nFlR06', 1),
(983, 'Fallon', 'Organer', '0000-00-00 00:00:00', '878-91-4491', 'forganerra@posterous.com', '$2a$04$qgh7rVD5CxiGAfh.U3HZzuTww/QtMppU5sSCMiw9MGOjGJuY.ZxRG', 1),
(984, 'Artus', 'Franzonetti', '0000-00-00 00:00:00', '463-76-6011', 'afranzonettirb@ifeng.com', '$2a$04$HYZJCZ9nRD.mbf21CL5...QgLyPHQSYhTD8SLcbJsvCL1TK6bsp06', 1),
(985, 'Gearalt', 'Henderson', '0000-00-00 00:00:00', '634-72-4463', 'ghendersonrc@reverbnation.com', '$2a$04$Zx4v2H2zxH/.dcsdn/hrA.wqx1k104J4OI4dtN78tM9YPUjeC6O4K', 1),
(986, 'Craig', 'Echelle', '0000-00-00 00:00:00', '809-36-0262', 'cechellerd@columbia.edu', '$2a$04$CTL8dyr3EYrm8N5LCz./I.nGPHZbbGT07CGWBBa1tZknJg.UDk88G', 1),
(987, 'Holly', 'Dunrige', '0000-00-00 00:00:00', '432-80-2027', 'hdunrigere@cbslocal.com', '$2a$04$6ENpioctsdzSbTVpqIBTsuUAi1iuBi56CGmjl//CeziP2IYWk3UAm', 1),
(988, 'Franky', 'Tortoishell', '0000-00-00 00:00:00', '417-93-3784', 'ftortoishellrf@acquirethisname.com', '$2a$04$yjW78sjI8DAiUAZJJm0Bm.xnxegho3VxnZVK50DlmdYLCEpg8N2M2', 1),
(989, 'Cazzie', 'Bartoletti', '0000-00-00 00:00:00', '185-58-5546', 'cbartolettirg@dailymail.co.uk', '$2a$04$h8RUCxceGHkFgwIbYwdgKu91uBuM5QlE6X4/tgz6YveJGXz8tv.S2', 1),
(990, 'Guinevere', 'Renon', '0000-00-00 00:00:00', '686-18-3648', 'grenonrh@marketwatch.com', '$2a$04$4xo/6XhxTGyESJBVnsdJ2e5.ejnXHmAmRHzC8dKvEtoQYEvtsp2DG', 1),
(991, 'Marve', 'Abbott', '0000-00-00 00:00:00', '651-05-2303', 'mabbottri@oracle.com', '$2a$04$I97oShswAyCl2L0Y8Jv.FuHWjw3QyHh53IJHfLaIR1aqa.sg3tX0.', 1),
(992, 'Norbert', 'Flewan', '0000-00-00 00:00:00', '669-85-4135', 'nflewanrj@mozilla.org', '$2a$04$WAlM5eB23sg5Cld1xVsP2O/eRJ6aPv6lgpilIlrwMQY6RIllyExTu', 1),
(993, 'Minne', 'Kolinsky', '0000-00-00 00:00:00', '544-08-3373', 'mkolinskyrk@admin.ch', '$2a$04$9edpeWtu..g6BQEwTgOFBuk7PwjbbmuUWK9D1AZ3cPYfbNbIbMNiy', 1),
(994, 'Hy', 'Phelips', '0000-00-00 00:00:00', '290-06-3359', 'hphelipsrl@ebay.com', '$2a$04$KN3SzK7l8BrDyxRQCwDXKOIhgVbH0Qo2vJC7pVWfipf8TiLfxmyCS', 1),
(995, 'Spence', 'Palister', '0000-00-00 00:00:00', '514-49-5396', 'spalisterrm@jigsy.com', '$2a$04$Tilz875Z5EQirtJGsHAI5ufkP6Bnkes9rHkQ6F5TV56XbyV40R1ve', 1),
(996, 'Loleta', 'Perryman', '0000-00-00 00:00:00', '743-32-7206', 'lperrymanrn@columbia.edu', '$2a$04$5b2kHdx23zNXG5n/PPXDQOf1AOA6S52CKOJVrfp92Zl2MxWN5ggjm', 1),
(997, 'Puff', 'Dmitrievski', '0000-00-00 00:00:00', '823-94-7050', 'pdmitrievskiro@typepad.com', '$2a$04$7dfayb84ZeyelZTHDuzEXueM.0bxJ1RY8c2U5tUK/9nrI0BCEGUnG', 1),
(998, 'Thaxter', 'Sheeres', '0000-00-00 00:00:00', '411-48-6092', 'tsheeresrp@vinaora.com', '$2a$04$4turA8Dgf9bJSZ/m.zdvOe.3JU/AELF/bCAX9f.kIrz.3xrGzl.m6', 1),
(999, 'Rhianna', 'Harback', '0000-00-00 00:00:00', '157-74-6934', 'rharbackrq@bloglovin.com', '$2a$04$9vYSdg4czuuZRs6lXcgd4u4KRqIh0bVtKr4B4lfg97K4hokNksXcS', 1),
(1000, 'Johnette', 'Giannoni', '0000-00-00 00:00:00', '555-05-4620', 'jgiannonirr@vistaprint.com', '$2a$04$gevFR5.HjTp9PxcNN4amTOnwD9XfqpUEZvyXbZZmsiY3LALNdPMqG', 1),
(1001, 'ali', 'mohamed', '2024-07-17 23:58:25', '06565820', 'qsdqd@gmail.com', '123456Az', 1),
(1002, 'dfhdfh', 'sdfsdf', '2024-07-09 00:00:00', '066774704', 'erdd@gmail.com', '$2y$10$5E2NoEImN6ILxz0D8odAh.1mrPNZAfdF70prwfcJ04IixpenHdXBC', 1);

-- --------------------------------------------------------

--
-- Table structure for table `vacation`
--

CREATE TABLE `vacation` (
  `id_vacation` tinyint NOT NULL,
  `date_start_vacation` datetime NOT NULL,
  `date_end_vacation` datetime NOT NULL,
  `id_gym` tinyint UNSIGNED NOT NULL
) ENGINE=InnoDB DEFAULT CHARSET=utf8mb4 COLLATE=utf8mb4_0900_ai_ci;

--
-- Dumping data for table `vacation`
--

INSERT INTO `vacation` (`id_vacation`, `date_start_vacation`, `date_end_vacation`, `id_gym`) VALUES
(1, '2024-07-14 00:00:00', '2024-07-15 00:00:00', 1),
(2, '2024-07-14 00:00:00', '2024-07-15 00:00:00', 2),
(3, '2024-08-15 00:00:00', '2024-08-16 00:00:00', 1),
(4, '2024-08-15 00:00:00', '2024-08-16 00:00:00', 2),
(5, '2024-11-01 00:00:00', '2024-11-02 00:00:00', 1),
(6, '2024-11-01 00:00:00', '2024-11-02 00:00:00', 2),
(7, '2024-11-11 00:00:00', '2024-11-12 00:00:00', 1),
(8, '2024-11-11 00:00:00', '2024-11-12 00:00:00', 2),
(9, '2024-12-25 00:00:00', '2024-12-26 00:00:00', 1),
(10, '2024-12-25 00:00:00', '2024-12-26 00:00:00', 2);

--
-- Indexes for dumped tables
--

--
-- Indexes for table `activity`
--
ALTER TABLE `activity`
  ADD PRIMARY KEY (`id_activity`),
  ADD KEY `id_duration_unit` (`id_duration_unit`);

--
-- Indexes for table `adresses`
--
ALTER TABLE `adresses`
  ADD PRIMARY KEY (`id_adresses`),
  ADD KEY `id_city` (`id_city`);

--
-- Indexes for table `city`
--
ALTER TABLE `city`
  ADD PRIMARY KEY (`id_city`),
  ADD UNIQUE KEY `name_city` (`name_city`),
  ADD UNIQUE KEY `zip_code` (`zip_code`);

--
-- Indexes for table `days`
--
ALTER TABLE `days`
  ADD PRIMARY KEY (`id_days`),
  ADD UNIQUE KEY `name_days` (`name_days`,`name_days_fr`);

--
-- Indexes for table `duration_unit`
--
ALTER TABLE `duration_unit`
  ADD PRIMARY KEY (`id_duration_unit`),
  ADD UNIQUE KEY `unit_name` (`unit_name`);

--
-- Indexes for table `gym`
--
ALTER TABLE `gym`
  ADD PRIMARY KEY (`id_gym`),
  ADD UNIQUE KEY `name` (`name_gym`),
  ADD KEY `id_adresses` (`id_adresses`);

--
-- Indexes for table `open_days`
--
ALTER TABLE `open_days`
  ADD PRIMARY KEY (`id_gym`,`id_days`),
  ADD KEY `id_days` (`id_days`);

--
-- Indexes for table `reservation`
--
ALTER TABLE `reservation`
  ADD PRIMARY KEY (`id_reservation`),
  ADD KEY `id_user` (`id_user`),
  ADD KEY `id_gym` (`id_gym`),
  ADD KEY `id_activity` (`id_activity`);

--
-- Indexes for table `users`
--
ALTER TABLE `users`
  ADD PRIMARY KEY (`id_user`),
  ADD UNIQUE KEY `telephone` (`telephone`),
  ADD UNIQUE KEY `email` (`email`),
  ADD KEY `id_adresses` (`id_adresses`);

--
-- Indexes for table `vacation`
--
ALTER TABLE `vacation`
  ADD PRIMARY KEY (`id_vacation`),
  ADD KEY `id_gym` (`id_gym`);

--
-- AUTO_INCREMENT for dumped tables
--

--
-- AUTO_INCREMENT for table `adresses`
--
ALTER TABLE `adresses`
  MODIFY `id_adresses` int UNSIGNED NOT NULL AUTO_INCREMENT, AUTO_INCREMENT=3;

--
-- AUTO_INCREMENT for table `gym`
--
ALTER TABLE `gym`
  MODIFY `id_gym` tinyint UNSIGNED NOT NULL AUTO_INCREMENT, AUTO_INCREMENT=3;

--
-- AUTO_INCREMENT for table `reservation`
--
ALTER TABLE `reservation`
  MODIFY `id_reservation` int UNSIGNED NOT NULL AUTO_INCREMENT, AUTO_INCREMENT=634;

--
-- AUTO_INCREMENT for table `users`
--
ALTER TABLE `users`
  MODIFY `id_user` int UNSIGNED NOT NULL AUTO_INCREMENT, AUTO_INCREMENT=1007;

--
-- Constraints for dumped tables
--

--
-- Constraints for table `activity`
--
ALTER TABLE `activity`
  ADD CONSTRAINT `id_duration_unit` FOREIGN KEY (`id_duration_unit`) REFERENCES `duration_unit` (`id_duration_unit`);

--
-- Constraints for table `adresses`
--
ALTER TABLE `adresses`
  ADD CONSTRAINT `adresses_ibfk_1` FOREIGN KEY (`id_city`) REFERENCES `city` (`id_city`);

--
-- Constraints for table `gym`
--
ALTER TABLE `gym`
  ADD CONSTRAINT `gym_ibfk_1` FOREIGN KEY (`id_adresses`) REFERENCES `adresses` (`id_adresses`);

--
-- Constraints for table `open_days`
--
ALTER TABLE `open_days`
  ADD CONSTRAINT `open_days_ibfk_1` FOREIGN KEY (`id_gym`) REFERENCES `gym` (`id_gym`),
  ADD CONSTRAINT `open_days_ibfk_2` FOREIGN KEY (`id_days`) REFERENCES `days` (`id_days`);

--
-- Constraints for table `reservation`
--
ALTER TABLE `reservation`
  ADD CONSTRAINT `reservation_ibfk_1` FOREIGN KEY (`id_user`) REFERENCES `users` (`id_user`),
  ADD CONSTRAINT `reservation_ibfk_2` FOREIGN KEY (`id_gym`) REFERENCES `gym` (`id_gym`),
  ADD CONSTRAINT `reservation_ibfk_3` FOREIGN KEY (`id_activity`) REFERENCES `activity` (`id_activity`);

--
-- Constraints for table `users`
--
ALTER TABLE `users`
  ADD CONSTRAINT `users_ibfk_1` FOREIGN KEY (`id_adresses`) REFERENCES `adresses` (`id_adresses`);

--
-- Constraints for table `vacation`
--
ALTER TABLE `vacation`
  ADD CONSTRAINT `vacation_ibfk_1` FOREIGN KEY (`id_gym`) REFERENCES `gym` (`id_gym`);
COMMIT;

/*!40101 SET CHARACTER_SET_CLIENT=@OLD_CHARACTER_SET_CLIENT */;
/*!40101 SET CHARACTER_SET_RESULTS=@OLD_CHARACTER_SET_RESULTS */;
/*!40101 SET COLLATION_CONNECTION=@OLD_COLLATION_CONNECTION */;
